userid,variant,pre_rounds,post_rounds
100001,control,56.09434159508863,40.73731226172168
100002,control,29.200317875190088,24.491570360186316
100003,treatment,65.00902391612914,62.93130360015001
100004,treatment,68.81129432782427,69.35409076738007
100005,control,10.979296226923275,12.466445796927816
100006,control,23.956409862753638,31.48545048653592
100007,control,52.556808063345706,59.95989013970487
100008,treatment,43.675148153128355,72.70392978640977
100009,treatment,49.66397684991422,49.57792647541513
100010,control,32.9391214485284,36.65802895536759
100011,control,67.58795949725658,83.39726485776231
100012,control,65.55583870857896,54.402097583513736
100013,control,51.320613951224324,33.47091659970371
100014,treatment,72.54482413936066,71.71910088173183
100015,treatment,59.35018684504091,72.74909755158728
100016,control,32.81415074233524,41.886817713304836
100017,control,57.37501568164998,54.24786524549039
100018,control,30.822347983420023,16.45631765802119
100019,treatment,67.56900602614544,63.90460198363584
100020,treatment,49.00148178027494,67.06421765044223
100021,treatment,46.30275272909479,32.40123011437309
100022,control,36.38140911192117,36.548356054094086
100023,treatment,74.4508267734806,64.71217888948298
100024,control,46.90941035862396,38.452293856465104
100025,treatment,41.433443556737856,48.354795738799545
100026,treatment,42.95732899023541,52.082373858950994
100027,control,60.646183711066975,63.71039953740655
100028,treatment,57.308881287281565,44.05968240173412
100029,control,58.25465223191976,34.41667158756843
100030,treatment,58.61642006015765,61.433387794915056
100031,control,92.83295201740923,75.43203417658059
100032,control,41.871699672307685,68.22236169774368
100033,control,39.755145418569256,67.24607905865432
100034,control,33.724545435042444,64.12775974351294
100035,control,62.319588451509915,46.803193093838914
100036,control,72.57944585441783,74.46662942945109
100037,treatment,47.7210508469025,61.31240695714247
100038,control,33.19687046074944,47.4297363838195
100039,control,33.51037568617521,32.94453763718392
100040,treatment,63.01185575649402,78.18065291281212
100041,treatment,64.86508342406884,62.65509604706146
100042,control,60.8630853661039,59.84199876459464
100043,control,36.689805854226115,19.673730034477778
100044,treatment,54.64322646133439,63.51185866388207
100045,treatment,52.33371618281456,49.80536397410701
100046,control,54.37377193458026,59.42877536972306
100047,treatment,67.4285755589638,67.68169356675942
100048,control,54.47191097549364,55.74749915625878
100049,control,63.5782712614379,59.57896972464255
100050,treatment,51.35158138977783,62.91942243863814
100051,treatment,55.782387973799686,53.20569002922663
100052,treatment,62.62576451677081,41.718870985700406
100053,control,20.856883602886672,35.66923790967193
100054,control,43.60657567285397,34.50279461367315
100055,control,40.592546914144094,25.42607265326266
100056,control,37.22244303513316,26.893824068675784
100057,control,44.49715497546632,49.62100130235286
100058,treatment,79.89882622468792,72.64729591936302
100059,treatment,32.68337768613513,10.29978865539065
100060,treatment,69.36556709182962,60.9488842472256
100061,control,16.342604567683907,40.22442865783613
100062,control,43.302299400284504,39.00664398496457
100063,treatment,53.25506130210011,51.75224693566757
100064,control,61.724446627185564,72.59081478407646
100065,treatment,64.2245315958571,72.69173243605508
100066,control,65.8669447039985,75.4167049266798
100067,treatment,43.02549855503125,9.591687172291195
100068,treatment,40.752964146708656,67.49707736862592
100069,treatment,67.15951762514308,72.78842465083491
100070,treatment,46.173913502367704,81.19270737457059
100071,treatment,24.48627353324156,22.015504541926077
100072,control,27.334255719930386,9.672433030481539
100073,treatment,31.610954279967775,37.803706916698324
100074,treatment,59.94321488107528,55.31457764837686
100075,treatment,52.848514721411306,62.28354774928156
100076,control,63.80970708135536,74.57724569596573
100077,control,41.45494707326932,42.43641731363603
100078,treatment,53.17079382153428,50.69382722718664
100079,treatment,62.51180787934673,67.79878914853124
100080,control,43.813069205595234,41.96889238759961
100081,control,59.13550475114823,52.35408811743033
100082,control,36.761481178666976,53.79111650275539
100083,control,42.73892306869857,61.21948688428776
100084,control,42.365242120033415,58.61345714427776
100085,control,26.083207088219208,29.83693540114651
100086,control,59.739449615711635,28.99783961303594
100087,treatment,40.611953195945524,42.49838266005099
100088,control,50.24988237455375,40.16027871941003
100089,control,59.61493317811818,55.49509918796292
100090,control,58.930623520598886,47.82026959419356
100091,control,63.307702179455724,59.706414135644756
100092,treatment,48.03029030981153,36.2743934393742
100093,treatment,41.53403375911692,28.20822613283303
100094,control,48.40563578187202,64.97891480160123
100095,control,16.2533113208394,11.862618981373396
100096,control,21.057750551538255,28.29769990343759
100097,control,23.546007752911954,42.78655034883431
100098,control,30.055063447970365,47.136404289396054
100099,control,57.99548453446873,66.51146680211218
100100,control,31.890418892798785,40.42436155869909
100101,treatment,42.43674891921221,55.40522520329151
100102,control,75.98456595572131,87.6526731020408
100103,control,42.87472057877148,50.278560860555274
100104,control,64.75031136934173,36.75883093813346
100105,control,31.32764639980246,29.003897684287896
100106,control,45.8912488426474,56.13054678320984
100107,control,30.999558901788376,27.45396973246664
100108,control,43.21933848198875,66.34649357417405
100109,control,66.80616274914792,61.768831495840075
100110,treatment,15.453591536153027,26.71792889506914
100111,treatment,58.688472870917145,72.89532184747065
100112,control,54.75471204664556,51.14715725731374
100113,control,38.11700088606411,43.419676656490225
100114,treatment,21.078842912230908,41.70341786717125
100115,treatment,51.44259015427739,33.105633055288806
100116,control,39.41014581872395,38.28346942813707
100117,control,54.65352422709408,64.45881026193473
100118,control,50.43704291046886,51.1955905752689
100119,treatment,82.03557782641832,94.93768515518073
100120,control,45.21288745053951,25.562159132602876
100121,control,29.5300501475627,12.290915644447235
100122,control,53.585512699126326,62.87113007666121
100123,control,54.39993367943531,64.75350312976433
100124,control,77.18375150480873,67.83135633391373
100125,treatment,66.70222491829156,69.32338873303814
100126,treatment,57.13742118299019,66.71122757765652
100127,control,79.26605782439124,61.18314514874599
100128,control,26.224738913542982,22.81782911010444
100129,treatment,37.20496934500505,44.41356844554412
100130,control,31.4684811718895,48.06133363370628
100131,control,42.20380393688464,28.728692619881087
100132,control,22.466277048873824,26.731106753084326
100133,treatment,62.70301893628809,57.796317259505976
100134,treatment,45.55554605802453,53.69573879420978
100135,treatment,20.58387410994684,29.322836963185143
100136,treatment,29.688418375849167,29.044952744211617
100137,control,56.27027694900391,71.21968046869938
100138,control,66.76253135788762,55.43819257341735
100139,control,89.93461783383573,76.08689169827075
100140,treatment,108.2772493201466,74.15440220615724
100141,treatment,58.288188665519925,48.27575850276672
100142,control,30.209237599362716,41.98397297743759
100143,treatment,7.359074385373816,23.760471020809078
100144,control,55.35422924687671,61.94653624751747
100145,control,33.74117809379348,45.09469409741572
100146,control,41.692854796406294,71.38750184058398
100147,treatment,37.758064018803836,32.425305648058426
100148,treatment,47.18418227167229,27.965174241945626
100149,control,71.31960461575287,52.092193628319315
100150,treatment,53.140971348906895,44.54728967575797
100151,treatment,46.827303259226234,36.23134359462099
100152,treatment,29.28692494348377,37.20421025987179
100153,treatment,16.50634110591286,42.95082262287954
100154,control,40.273841818533384,63.07315641841326
100155,treatment,48.92434898363359,57.36463613743356
100156,treatment,85.35859827159766,106.34531756061645
100157,treatment,52.60549042945772,48.7397454138998
100158,control,69.65479022046115,43.144895686766716
100159,treatment,40.01408802921696,57.9428022914107
100160,treatment,26.301124671659508,9.4035258913142
100161,control,30.697664755352562,25.535497380685747
100162,treatment,35.49547870928494,47.50204713613042
100163,control,92.56939464870328,80.57266631118848
100164,control,33.572266415512274,35.153132198040744
100165,control,66.7697840747269,46.95695416891752
100166,treatment,31.941456438259472,37.81319014866519
100167,treatment,68.63146025748489,78.75080192033548
100168,control,57.699019322117266,56.03841519835995
100169,treatment,46.86724204683819,38.167575487428195
100170,control,49.18474947729132,32.88517951932405
100171,control,36.90424609141219,29.468254922131585
100172,treatment,58.92144402964161,63.38117072135711
100173,treatment,40.9003303931844,49.220678475503114
100174,treatment,25.487884724655036,22.526199988903755
100175,treatment,24.441248513607615,3.0853381894185787
100176,treatment,53.45175835444239,59.64506536657925
100177,control,81.58182512820869,61.810816207200745
100178,control,53.199832271468765,61.51531398990208
100179,control,47.62723347780235,38.2180347235114
100180,treatment,55.71652279205086,42.71869749154715
100181,treatment,76.1200348341365,73.11629999785393
100182,treatment,54.387650027277125,85.98016666514906
100183,control,41.78145538332526,53.7448269426108
100184,control,72.12577420119777,68.39634259822924
100185,treatment,58.57512876923227,62.67850619121165
100186,treatment,80.71511983991984,51.37125444818228
100187,control,53.66468874443812,37.90134902143212
100188,control,25.510619365589996,0.0
100189,control,22.6368160150867,52.36169263407757
100190,control,83.01855864462499,94.96933692917155
100191,control,84.47331441566594,81.05148646546725
100192,control,46.40961573434799,49.094616606409296
100193,treatment,42.336253577280246,25.226583766246765
100194,control,79.22888584484404,69.02059859688464
100195,control,27.85908635913024,57.10543058049079
100196,control,32.10545962088347,38.317564963268474
100197,treatment,62.86653589378089,53.680331278995105
100198,control,42.10789754280821,20.823834388862405
100199,control,49.89756266559857,68.18290044326764
100200,control,46.73114202950975,46.621234979865754
100201,treatment,56.75149097597867,33.32421375335272
100202,treatment,78.14963722627434,60.385342219141805
100203,control,51.81169813803491,34.45853418172553
100204,control,62.87877586553716,57.91627886976926
100205,control,8.996557979379546,21.99025523797414
100206,treatment,49.02563196139764,44.11228793322333
100207,treatment,33.13539459414258,49.13090620267416
100208,control,25.62373879152744,32.76025974886953
100209,control,32.43695266142498,50.88078642653819
100210,treatment,43.31753118598376,41.76291488755497
100211,treatment,68.31805084712026,105.5244090237504
100212,control,23.47214564520872,22.636625332844538
100213,control,50.61262985188835,38.50953983885594
100214,control,40.31661133332843,29.16077837018552
100215,treatment,43.446538112760784,43.794420065380734
100216,treatment,70.05515650609209,43.79404304541393
100217,treatment,60.762308740078524,63.46843170630061
100218,treatment,76.74796214885487,46.35617188012918
100219,control,46.90988641500199,49.82112010767871
100220,control,36.08114776658594,21.68548045733325
100221,control,45.52282366239001,41.59808008441168
100222,treatment,54.84993582542443,63.13476963704807
100223,treatment,53.53146716907422,84.62815399109608
100224,control,28.31223855533267,19.473572460574218
100225,control,51.80979563255748,49.3688337799393
100226,treatment,54.5645666027781,45.348997638674774
100227,treatment,100.34948075067841,77.7548078311518
100228,treatment,87.53689222563341,70.19446104350936
100229,control,32.9351329888236,48.10272453322174
100230,treatment,44.252332769016476,40.732877363460915
100231,treatment,20.731159963259937,59.30398007466668
100232,treatment,38.18585972073027,48.142283098843535
100233,treatment,56.31210007180681,42.87288989890249
100234,treatment,74.11707241776467,64.73675073115092
100235,treatment,35.41832324512783,29.956303807988384
100236,treatment,36.91707119864407,52.2717168363603
100237,control,7.0542194052269025,0.0
100238,control,46.74668158910185,29.820891827516796
100239,treatment,28.75171176280874,27.738364225928002
100240,treatment,39.41121145267853,52.59294545617431
100241,control,32.462784436648235,53.15894252115625
100242,control,48.11474891494886,66.84891824229781
100243,treatment,14.845432172867376,32.14268945967649
100244,treatment,20.659095092180188,28.397795821671302
100245,treatment,92.58494224056597,93.95061810410203
100246,control,24.25154837451938,15.548341235468627
100247,treatment,28.064288430907208,10.64569500510942
100248,treatment,86.73827056642628,84.82987514294018
100249,control,108.10134338480813,80.27213258520143
100250,control,26.568667423493167,31.56257370637905
100251,treatment,42.63502086423939,47.55878231860076
100252,control,56.83111101881019,58.405646509091376
100253,treatment,84.57395288811185,89.83628062887355
100254,treatment,30.26285843143525,47.704463925212266
100255,treatment,45.094443081157806,50.40044072770135
100256,control,65.54675152123488,55.8127511018636
100257,treatment,58.69532148933237,59.447049553991455
100258,control,42.47687857539802,36.47053647360832
100259,treatment,47.32354070967918,46.89414514261523
100260,control,22.502083832600363,64.01174171461201
100261,treatment,45.2365251205067,50.337537040255484
100262,treatment,44.672250199820894,53.46036937050263
100263,control,54.64339779252512,44.14991658387994
100264,control,38.89345562361968,55.164394612222054
100265,treatment,59.430770450902784,68.63053663331712
100266,control,70.25431635639657,75.3418574049347
100267,control,53.10858655336932,55.17418390419839
100268,control,57.03512816798407,68.9573951348128
100269,treatment,51.063106951557344,69.12014409495688
100270,treatment,50.00168786182828,55.24631258151804
100271,control,35.56883932914305,37.66045050141074
100272,treatment,56.32988523346616,68.081475774782
100273,control,48.05426803173021,36.58024744781208
100274,control,91.8633661786119,71.89980286530741
100275,control,81.46709804950484,72.89522627678903
100276,control,57.71693105113002,32.751709554088436
100277,control,34.73885580610465,49.50219825488493
100278,treatment,27.751770560331643,22.075674519223718
100279,control,73.82285906177731,61.6299043548657
100280,treatment,55.25498450294277,52.61981452774168
100281,control,59.60286806783222,57.721866849263385
100282,control,15.108280260516146,19.28510466214758
100283,control,68.54876963116362,63.020342040685264
100284,treatment,59.08840676428726,57.527505640352366
100285,treatment,27.79138631171044,28.92987602264069
100286,control,40.569503851001016,32.698726638222574
100287,control,55.27434408713039,68.2623133315778
100288,control,51.049335967124875,22.948331246424008
100289,treatment,44.1565762839289,44.39607645467068
100290,control,47.93023463868078,42.244719016534795
100291,treatment,44.960452435862294,53.26042995224317
100292,control,53.05125024204937,33.04995231622724
100293,control,79.42983945986313,65.46084098566669
100294,treatment,0.0,12.645907997981903
100295,control,45.262994709806314,60.60298932022105
100296,control,53.53024842744894,57.0420803776614
100297,treatment,55.91987979374199,40.28383241762761
100298,control,42.561708373574206,37.9725704418374
100299,control,14.86556435042835,35.37053090268415
100300,control,56.559909674282196,39.03517387666483
100301,control,84.5470042832837,74.86988733169319
100302,treatment,19.322771901677246,28.371426680113455
100303,control,67.27656027396377,57.853990022613466
100304,treatment,43.429495537542124,82.23356572138127
100305,treatment,48.773513083423055,45.12021081281252
100306,treatment,28.94202978592102,41.65635613978339
100307,treatment,43.31087655288247,36.34594644720968
100308,treatment,76.00089189397917,77.98211862920502
100309,treatment,61.65310483975414,71.75926575996456
100310,control,84.64623210819889,68.20664097575008
100311,control,73.54823777955387,66.93754133800518
100312,treatment,58.78173357859153,46.24286205915173
100313,control,84.87869052335584,61.019978461925305
100314,treatment,58.77986317476598,71.80041175529048
100315,control,66.55976353594119,55.09107900744247
100316,treatment,44.06858092930583,15.122345784219945
100317,control,51.3309163171841,74.35165406558282
100318,treatment,36.05152353399446,30.427918887537512
100319,control,69.79167869189706,61.58455000138616
100320,control,26.433927537702687,54.03259834450701
100321,treatment,65.64700684835323,61.36018347861498
100322,treatment,46.18697884989681,46.479493990320535
100323,treatment,73.42494186934638,52.821504187840965
100324,treatment,65.0173797746252,41.13621781015785
100325,control,86.41292315293603,75.10860897621029
100326,treatment,64.61549382277289,67.26114254420817
100327,control,18.559194886935188,30.46111741188737
100328,treatment,48.660936542035984,44.12921673344804
100329,control,26.559856148103684,32.68787760698505
100330,control,39.63440315267451,17.921798595306182
100331,treatment,80.22456866553443,80.25586399071958
100332,treatment,62.750676217953924,63.19820579053463
100333,control,36.021391428425076,65.62512306322483
100334,treatment,29.725652671192023,36.393185925123774
100335,treatment,50.65564185752522,39.521388021439435
100336,control,25.668797012377446,31.080593766699096
100337,treatment,36.577194452068376,37.09651208575823
100338,control,56.240189431024874,60.430786641915525
100339,control,73.10624072213392,67.68542907943365
100340,treatment,62.17522944448879,43.963893902458906
100341,control,4.174209828038002,0.0
100342,control,56.087334580605194,58.043449544483586
100343,treatment,51.44067146465156,70.87738915042087
100344,control,58.277805707453865,57.25802812189058
100345,treatment,82.32419363302415,86.50205792686687
100346,treatment,8.735234463905144,33.94963158589083
100347,control,38.17793149617789,44.66277300109634
100348,treatment,61.818126455867095,49.588885232598976
100349,control,18.368112010921152,28.859767118544944
100350,treatment,79.51898096107018,89.60730909540011
100351,control,57.36713225401317,62.53514227213343
100352,treatment,66.93167971686808,74.09711527158551
100353,control,38.58112676956411,35.31693345025235
100354,treatment,66.27527379932421,61.02956672376586
100355,control,71.36943111978077,64.45645864746649
100356,control,54.657560402743364,52.814032364461696
100357,control,54.68801785397392,68.96664961977288
100358,treatment,55.40686478563452,24.504958743990542
100359,treatment,32.733094705212366,38.95380482583471
100360,control,47.04942639519294,46.73543159529699
100361,control,46.94954935095282,29.56890729770242
100362,control,57.6678772870699,64.6375529353849
100363,control,69.9964849382059,55.41312704013027
100364,treatment,28.829278360431815,30.898860769728927
100365,treatment,47.49981939360845,74.08195032677011
100366,treatment,79.62911095317946,87.08252875192782
100367,control,35.12823542374872,46.445924429974916
100368,control,33.554999654193594,42.70345511093814
100369,treatment,54.04612383662387,52.35608095101334
100370,control,66.88770380970641,89.11505296310821
100371,treatment,50.22852111121318,62.28307114629284
100372,control,76.57921180873979,60.01879551864525
100373,control,67.13587965133054,44.33029754740352
100374,treatment,66.83640133780123,71.62586293797264
100375,control,61.08233002648187,57.57266840174174
100376,treatment,96.55306200692169,67.51172136205099
100377,control,45.89676622267912,52.59223671618716
100378,control,9.929554158669724,16.388270808471344
100379,control,82.08508723034282,81.0838525350086
100380,control,40.84601138086349,48.97818229503455
100381,treatment,52.15760888686066,45.07163000278033
100382,control,76.19101369721054,78.0150095987864
100383,treatment,17.954809178821492,20.87944175828108
100384,treatment,24.967055717877212,26.998802870884653
100385,control,17.974441257622928,18.939542083663675
100386,control,34.11727419949152,53.04934102536347
100387,control,58.79273212033987,52.882925272538166
100388,treatment,60.48375685625542,77.51853436388919
100389,treatment,55.52548358657108,79.23739985773204
100390,control,21.74468232215267,19.0361761174087
100391,treatment,3.797931267347117,0.0
100392,control,51.087071707807645,64.63286624850296
100393,control,40.564479327233286,38.39949651648577
100394,control,59.18771543433223,45.43221738489767
100395,treatment,64.0390725244254,54.24129588731066
100396,control,52.76482864117364,46.5861504222458
100397,control,65.20266170751708,78.56224788267227
100398,control,54.58422748230137,55.55359746711741
100399,treatment,60.601294112029336,76.43138437646856
100400,control,35.906534742602354,45.96781869962965
100401,control,46.40777172337083,43.215090825960885
100402,control,53.93552193313914,47.78770103898236
100403,treatment,66.41056950834837,71.2373125742668
100404,control,42.12517655550856,54.947093338821446
100405,treatment,60.42334511464225,72.50383661124503
100406,control,44.68322416169242,42.552588824438054
100407,control,47.649156653437394,50.55462311151968
100408,treatment,66.59038084048146,71.668914022871
100409,treatment,10.138792578916885,16.524714580310654
100410,control,24.07055343850478,15.539069666811779
100411,treatment,20.356292051143583,18.601255379354743
100412,treatment,3.327677603033905,13.307159011603597
100413,control,36.434711196896465,48.58621043161456
100414,treatment,64.9886779945548,79.39621529346962
100415,treatment,44.302318672348505,29.28792060238587
100416,control,53.955801638837045,45.06471946031205
100417,treatment,71.78434993421585,63.104186596732156
100418,control,76.55372264535383,80.42841013476868
100419,control,48.61724130547721,41.976685272152174
100420,treatment,77.07171779138795,66.11896390057035
100421,treatment,51.84253316868218,34.20299381546826
100422,treatment,33.25203552345076,45.33390434266039
100423,treatment,38.1119929560253,40.44888565092674
100424,treatment,20.389269748699675,20.63974976756199
100425,control,32.23732292532695,33.24495492443468
100426,treatment,42.83966623851142,61.03849881287624
100427,treatment,66.07170038757204,50.26037101488469
100428,treatment,84.41539662331968,66.17743710517736
100429,control,22.3563696924592,45.83302004267445
100430,control,57.856549365198376,56.89481877678172
100431,control,29.189121216849312,43.25185480996916
100432,control,59.49394176926404,62.435134540049276
100433,control,47.37826698624547,47.56626804939613
100434,treatment,13.381883483049393,19.428848356637367
100435,treatment,68.56593983136969,76.42493351459147
100436,control,37.89998574382538,56.30125679879244
100437,control,39.321995232528906,56.33396012719062
100438,treatment,28.604951774206203,19.771398185888444
100439,control,36.91433446624889,57.44810103110798
100440,treatment,58.55780881389835,53.183318270075475
100441,control,46.21511318127189,37.17323294169523
100442,control,56.57324004564962,52.68993515561354
100443,control,57.23843707857687,66.42362354504462
100444,treatment,76.41323311056334,78.45959395030101
100445,control,43.14427698271241,41.47976306707675
100446,treatment,20.462843663085366,40.42841057494631
100447,control,71.34444833143966,67.8585178231324
100448,control,43.370236558054906,37.44797738777419
100449,treatment,72.29184889154755,58.85246027782355
100450,control,57.66754226364941,61.17755358510145
100451,control,47.3772493959331,46.94133000834878
100452,treatment,56.9755178809259,38.53541559559328
100453,treatment,89.020251202526,91.97208155675487
100454,control,91.53961058107507,74.80126650253308
100455,control,51.38762270265558,72.10248025718192
100456,treatment,53.2038118663415,35.34304593658829
100457,treatment,71.52480314932771,65.25305233289822
100458,treatment,33.08677934465305,29.555250126884577
100459,treatment,56.661407452365104,43.59242852862248
100460,treatment,49.48274304092287,44.672421395304426
100461,control,56.27816422915107,78.13103103655376
100462,control,33.332623881011884,39.39607698803591
100463,treatment,18.20865013382062,17.1831746922221
100464,treatment,8.540331280174165,0.0
100465,treatment,27.65231774020784,11.967752236071515
100466,treatment,40.82649430121334,37.52313039146012
100467,control,44.136168267024765,37.219222126064885
100468,control,88.74462324859033,76.09455518761857
100469,treatment,72.11986739814597,38.03173420369509
100470,control,30.758177673167456,34.3557997534013
100471,treatment,56.95416904901914,70.31121378684225
100472,treatment,41.858435272993496,66.8619982440627
100473,control,44.3127232391981,20.6733755314334
100474,treatment,53.70651298830764,43.6784550240574
100475,treatment,62.38342233950787,49.48711496648518
100476,treatment,43.21483032231969,48.338836031370725
100477,control,71.27703065468717,49.821699960592284
100478,treatment,27.16123547715192,56.6251775872359
100479,control,50.12678124724537,50.670834118050614
100480,treatment,101.95347453191664,88.83603361710684
100481,control,54.4615948525055,74.41581838591094
100482,treatment,78.66429013212345,72.78592748680263
100483,treatment,51.830403563464166,58.16831898543576
100484,treatment,61.615541906595936,50.279528850409605
100485,treatment,48.86433611214617,32.51821390693781
100486,control,46.59184837671591,39.36956084865773
100487,treatment,34.41035206549161,68.73873501489297
100488,control,58.60602717915106,64.82860040367112
100489,treatment,32.96925621628464,42.35869668831081
100490,control,63.31170472626859,47.06757265884608
100491,treatment,71.70574008891819,79.83402007374698
100492,control,57.3306281447446,37.537377305861995
100493,treatment,44.275025328886166,26.476060715367716
100494,treatment,59.07931158617392,50.91610199912428
100495,control,43.82653888907175,71.22538863073295
100496,control,68.71094250930298,89.13998765005061
100497,treatment,13.37187831569753,18.059605264174973
100498,treatment,43.287852637627076,37.547074796641425
100499,control,10.183760097520043,0.0
100500,control,20.0987833954559,28.606337018332347
100501,control,77.2772445962782,72.6011607021174
100502,treatment,67.90369963943371,75.37262220307892
100503,treatment,35.610395334304194,52.755324487610274
100504,control,19.949930879182062,24.850801671916106
100505,treatment,0.0,21.35555739316814
100506,treatment,39.130089841347306,34.078986365071565
100507,treatment,98.40830024494805,94.91063011739345
100508,control,58.69768542927295,49.81321439260065
100509,control,38.80855427901021,47.684480564254244
100510,control,59.301604190006124,61.9833050305718
100511,control,18.780832940111143,27.495811119526927
100512,control,44.05353274604729,56.05092206460048
100513,control,51.98954946031477,30.71773508550033
100514,control,48.27798696357903,34.62097282002429
100515,treatment,65.81612243380161,59.78953814850813
100516,control,56.89290452472105,36.0770983927997
100517,treatment,63.36652036215994,56.1425786575761
100518,control,36.23255435538481,34.718522794708896
100519,treatment,67.95630816821097,82.29271910442543
100520,control,82.57873895247982,76.3195978629025
100521,treatment,30.59700960697175,50.56583045782717
100522,treatment,32.246086885708806,42.17534657831087
100523,control,76.71568672640466,62.95055311902034
100524,treatment,46.17312026609879,50.398747296607624
100525,control,78.07642784133114,80.70672427762878
100526,treatment,41.149285762156325,60.649179941925645
100527,control,79.10091152541423,70.0753860316816
100528,control,52.62971633610904,30.177770022247813
100529,control,55.1645764664539,31.149044476221878
100530,treatment,81.29436043339808,70.65273736922472
100531,control,42.764590451116575,13.64591302932681
100532,treatment,31.177558081500834,61.130168529731236
100533,control,41.02871583943291,51.16822127754402
100534,control,59.046679012862775,48.37592514075787
100535,control,18.684818556389715,11.834356033950087
100536,treatment,62.74941805302243,74.6628007703135
100537,treatment,39.22457364764514,28.686395412664403
100538,control,72.95625321467128,53.74731593721076
100539,treatment,2.1147939019905664,5.453583051341825
100540,control,34.268684497916624,39.71074800686742
100541,control,16.270636975317963,32.91535592413732
100542,treatment,33.47541067272095,54.88412863068983
100543,control,54.95331802217886,67.53865943769966
100544,control,46.415467491004904,47.32183582936468
100545,treatment,44.932448621039704,61.19957321596
100546,control,46.81630257239878,38.73573638729014
100547,treatment,54.06776481239887,30.463030384120636
100548,treatment,29.829279161137844,27.49372980648208
100549,treatment,64.13699281798101,51.43692054995526
100550,treatment,63.25331940770968,53.07958643683955
100551,treatment,57.70075875312202,44.584234326371686
100552,control,61.13066885502526,52.248095294139134
100553,treatment,55.92836001617319,64.14832679748338
100554,treatment,90.70146605462135,104.71681818187776
100555,treatment,48.2581165789498,27.369398952654958
100556,control,43.858335633308464,28.358623837851773
100557,treatment,34.92944839285244,29.72723641130326
100558,treatment,29.354746588443263,46.145872822157074
100559,control,25.110564247978495,28.621723356257466
100560,treatment,32.22405373538163,28.58897566963436
100561,control,48.58639236695858,58.421280749318356
100562,control,56.68590256995429,67.6662809327841
100563,treatment,51.02284117104323,52.01895994207948
100564,control,34.68929445140574,27.71940539381716
100565,control,68.00369128039927,67.0782310571345
100566,control,64.78825344601896,58.00534174279888
100567,control,46.80703385155966,44.41696986002319
100568,treatment,36.94167710670576,34.92784007925137
100569,treatment,60.96855841659599,71.96279700902299
100570,treatment,53.75947174972209,57.62520849435773
100571,control,21.03745481169905,41.9791259394255
100572,treatment,48.6403948803119,68.15822941727714
100573,treatment,55.24071624148762,61.50228203602745
100574,treatment,32.006104270244926,31.304515749025686
100575,control,53.79686785674886,66.60987335671355
100576,control,20.903550294844216,34.33782770398045
100577,treatment,76.72372200024341,105.98211004354316
100578,treatment,74.95899970118863,74.32152539489013
100579,control,44.94965331394071,55.44178520513351
100580,treatment,57.26908675678146,60.793762023390876
100581,control,1.801560684002503,12.540219366203235
100582,control,26.873046794693344,29.2312946879513
100583,treatment,44.124421596957404,50.9857963866085
100584,treatment,28.557339571462816,42.31251182188002
100585,control,64.28792965261317,75.98706373426656
100586,treatment,89.94593061495988,85.54515680899598
100587,treatment,26.46770561141396,27.727330994765936
100588,control,33.25073191829615,33.11417698857981
100589,treatment,54.70896736619861,37.530914768939596
100590,treatment,82.22232296999242,97.64253575044475
100591,treatment,25.552513749201935,26.005331324469715
100592,treatment,54.98072244613884,68.03357616353811
100593,treatment,86.42597701626218,82.47790673046973
100594,control,16.964817036414658,29.24160722558804
100595,control,24.37861586308336,29.230272547394843
100596,treatment,41.52786787078323,34.72430119089118
100597,treatment,39.58823174289178,30.87865477884828
100598,control,66.25202575507289,85.0544671591068
100599,control,54.83319439641676,55.13245916603246
100600,treatment,14.500758807157432,39.76146217924144
100601,control,60.30820805801622,76.05175277339902
100602,control,38.44922225288699,35.90192266988095
100603,treatment,75.48894433882478,76.21916293135362
100604,treatment,37.4482492712616,42.681623544787534
100605,treatment,37.267694337955284,26.64227107089659
100606,treatment,60.822632216090625,57.1633047149434
100607,control,65.25852964673874,69.21587889197667
100608,treatment,58.961987278724074,51.61995393052024
100609,control,16.288053652303837,20.418768689000316
100610,control,60.76068879856502,55.77708867426519
100611,treatment,29.31383896651202,63.91828670820924
100612,treatment,54.70552223176527,30.76695477432051
100613,treatment,21.525311292018795,36.78010054945478
100614,control,58.92644295086127,53.34347123422691
100615,treatment,33.868021913852544,30.925948614838013
100616,treatment,24.347306994789566,28.584530163483727
100617,treatment,64.276402729648,71.0358599077142
100618,treatment,54.83289043353503,64.7092140690369
100619,control,37.720463972142056,43.2511232069176
100620,treatment,79.02357698042128,87.7232915886638
100621,treatment,41.18695156860515,61.675296478000675
100622,treatment,50.642153479418695,62.78125370325116
100623,treatment,55.37826895357202,48.30825474659733
100624,treatment,37.60668131742773,48.74585787344468
100625,control,59.42272586799859,63.67084839299983
100626,control,39.33095305670551,31.208425117949854
100627,treatment,41.767233555675816,24.563700108857788
100628,treatment,77.25285279606682,45.18083333584401
100629,treatment,29.18827894975134,36.81531048505993
100630,control,1.7443933814101982,17.750989867849977
100631,control,82.21873990023789,58.53055413284914
100632,treatment,100.98655905214005,103.57762636542364
100633,treatment,41.89461469101336,47.43461785860406
100634,control,11.263239187596298,38.79900951635639
100635,treatment,43.79032047608113,51.74446917608857
100636,control,44.27554100318662,31.600388523232702
100637,control,46.20152317955486,53.21363298915956
100638,control,27.732239161563037,42.16391061875361
100639,control,61.591222849529544,51.449038035494965
100640,control,60.49014750572172,38.79051343774296
100641,treatment,20.11188760361387,30.410707920879513
100642,treatment,63.98393463389776,48.74802094512452
100643,treatment,91.05369963891782,97.11822474968893
100644,control,53.4392066487412,47.192963806187976
100645,control,43.25349675862988,67.75445076181285
100646,control,47.15993571184957,19.769973886401306
100647,treatment,62.305135339371226,62.512029736492266
100648,control,15.386567889855634,42.94901317526245
100649,treatment,53.287814059546044,42.18824148963314
100650,treatment,42.1907210107438,43.53701033726816
100651,treatment,86.9565002591209,73.88571384591806
100652,control,46.51654532390084,38.3420133144859
100653,treatment,83.35775222239039,79.75436753401375
100654,control,27.925186044359855,16.30707253714604
100655,control,61.745183336055845,57.34090850858346
100656,treatment,56.388005275824575,63.1169661111471
100657,treatment,32.61905504270435,35.61886893751347
100658,treatment,53.54792229273881,40.92948385233073
100659,control,74.250376736632,81.81585439742162
100660,treatment,43.52416591426798,56.30351600376011
100661,treatment,16.160747016604738,12.346948644751022
100662,control,49.64874347045108,32.617123668753344
100663,treatment,31.951538104149748,25.370877219862038
100664,control,43.15318122672235,52.07817188242246
100665,treatment,48.36824460629758,53.921670248343304
100666,treatment,15.886955679689656,36.367028621280824
100667,treatment,17.68683321358644,22.95056307513275
100668,treatment,59.6413367105105,46.497918426621766
100669,control,39.545626076606396,54.314416064403574
100670,treatment,0.0,6.678564349649172
100671,treatment,65.6968807321627,65.7404593658831
100672,control,55.447395105484794,33.581967953408224
100673,control,35.72250351927032,31.753994253401153
100674,treatment,23.66339577883517,45.1006050317003
100675,treatment,66.71615792628674,54.561696575470066
100676,treatment,56.98701245120859,67.51513210576857
100677,treatment,97.65204565368147,56.402542153724625
100678,treatment,58.403771974498746,50.40277289637628
100679,control,57.7540628252403,53.548738223984834
100680,control,46.661441397828696,70.54772250912681
100681,treatment,66.33551734401581,48.286389770435946
100682,treatment,62.501704024963075,69.75268497444574
100683,treatment,75.0345001713039,84.25776835820209
100684,treatment,39.5735416272543,34.13574531986038
100685,treatment,41.29185054112075,40.02763051994373
100686,treatment,40.4179365817604,46.187025006306875
100687,treatment,65.81603442357978,43.763821846324255
100688,control,79.96748880593464,66.45516700719152
100689,treatment,40.82319013701399,61.49876812975694
100690,treatment,41.504525444138174,52.04246733849741
100691,control,56.28154447739598,52.63753370974021
100692,treatment,45.08476999974197,49.309384247676704
100693,treatment,69.0410730627978,73.4654604593726
100694,treatment,4.964454187619069,27.94136644827819
100695,treatment,33.46589906166211,31.738756996630855
100696,control,34.351673320771084,58.56620472958067
100697,control,3.592879752277099,32.60830970998156
100698,control,30.72723111262392,44.504699651645495
100699,control,31.69687768308148,25.12134741112812
100700,treatment,45.97790690962339,34.98713648762887
100701,treatment,72.25931783320527,63.87392625968341
100702,treatment,45.098786976185956,48.62793691593781
100703,control,29.383725594576923,11.14284583638306
100704,control,48.86090917572942,55.68985691505712
100705,control,70.98347242882699,82.76912918423665
100706,treatment,30.480823677701903,44.48665381453831
100707,control,31.788502321571027,27.398038794337285
100708,treatment,61.17097918548447,49.36926523818079
100709,treatment,45.56927768538399,52.14363192765979
100710,treatment,62.94969381418949,59.18425283140681
100711,control,49.72706416409407,55.65618196128637
100712,control,64.03327296179134,68.48498027367822
100713,treatment,29.298437719187184,50.4181822812007
100714,treatment,49.75830698423465,36.342145006289876
100715,control,45.78619971273686,49.77139289369801
100716,treatment,25.682181517917385,28.453313797088644
100717,treatment,18.730441042626232,26.743011797925192
100718,control,63.71498070549323,71.72128980534076
100719,control,42.98095235564044,57.60895953901134
100720,control,29.55439436705341,53.16546638255258
100721,control,48.076421261533355,54.18734576059077
100722,control,72.56037714698606,65.46489751833323
100723,treatment,4.385243092561538,13.943664608979356
100724,control,20.067226201933472,4.601768041642348
100725,treatment,31.54227116209465,55.379732129169284
100726,treatment,79.22357733440657,69.15936724928969
100727,control,55.65173965838593,60.931193792621556
100728,control,65.34634480922453,70.49203834787511
100729,treatment,27.196781617475388,17.923610509314173
100730,treatment,27.609282494589475,22.492237228857917
100731,treatment,58.95627433445421,78.68235548751613
100732,control,51.16548661870893,54.71621569602898
100733,control,60.97477637728253,50.55065587044638
100734,control,46.24658018143096,45.513521284374264
100735,treatment,55.56287452909254,70.04171947226054
100736,treatment,53.16238169810218,66.23160507209496
100737,treatment,65.55534778169852,43.77207211340678
100738,treatment,66.14016563888941,85.2246673394
100739,control,17.602560112164603,38.4828571826096
100740,treatment,5.054628893182887,15.773913715635153
100741,control,70.03490795303014,49.26117488366367
100742,treatment,73.75450186523872,83.25910010550204
100743,treatment,29.587539609733252,42.49319812495852
100744,treatment,12.803291869087431,4.317609051480169
100745,control,51.98069642014402,48.41541795436415
100746,treatment,68.61676452701059,106.81795420529733
100747,treatment,85.9518904486863,78.6822155680851
100748,control,60.32595144202902,47.929115217847084
100749,control,42.5656660682861,31.083093208168275
100750,treatment,32.13738756830274,61.54570671995013
100751,control,50.22902583341309,61.3865732801479
100752,control,44.01470592229487,64.1296988461716
100753,control,29.698641885423676,38.05716411793658
100754,control,90.97511301726573,97.32044994285897
100755,control,85.70336804144262,65.55530211683592
100756,treatment,72.72097367110857,70.69160675794788
100757,control,31.58299204381745,39.984605100787164
100758,treatment,67.10038648594558,82.61334377688961
100759,control,62.792528189958034,63.812293099845675
100760,control,58.85091248408106,48.36344180913636
100761,control,74.99330534087554,69.59259622229926
100762,treatment,62.70742285722555,38.853705001443316
100763,treatment,64.80028472608672,31.89668319961638
100764,control,62.7381256674442,70.55120685011433
100765,control,56.815828160042116,50.15447547748934
100766,control,14.327777405716333,19.787607246727212
100767,control,51.67242154821115,62.246707492953306
100768,treatment,38.8761608230175,61.63783090627611
100769,control,24.40318084719959,37.87299667156624
100770,treatment,83.63633238601648,102.23325538139632
100771,treatment,84.57990681771406,84.08488229073538
100772,treatment,77.18441200591224,75.88621734187488
100773,treatment,55.10426833711749,58.50824646437219
100774,control,77.01250241905313,53.25386896987621
100775,treatment,50.24106361203651,64.32747053026876
100776,control,54.05594553795559,20.691484510369946
100777,treatment,28.13057259076034,27.342533114306494
100778,treatment,57.9398260899768,57.758209592869754
100779,control,51.20771856848834,40.45821541336464
100780,treatment,23.946957663310712,25.984049118727476
100781,control,48.97605776366806,73.56469490218036
100782,control,48.40540872286383,63.40891975841538
100783,treatment,85.9512233328928,69.3907700713755
100784,control,67.88426657026818,57.20141886751519
100785,treatment,50.22890878182932,34.778507230793494
100786,treatment,54.97574619602166,64.55800081510688
100787,treatment,50.884247562083964,48.85940359355297
100788,control,45.941720304089046,20.942384010397742
100789,control,28.351456052234262,35.096833640002
100790,treatment,46.97896244786141,55.04136661999206
100791,control,35.078034866949736,51.549683612801914
100792,treatment,24.99368922153707,31.774874196530924
100793,control,60.22443629095069,52.73835113052285
100794,control,57.825293198664696,82.14478181163082
100795,treatment,14.26584977263844,24.786513985155157
100796,treatment,47.546307250097456,59.17863873428446
100797,treatment,69.91402771799847,59.29808219432856
100798,treatment,71.18447477792643,76.51500291010292
100799,control,70.51673685770477,46.131391067894725
100800,control,50.77826413802919,44.47111902909454
100801,control,33.09909344061698,21.340354315027476
100802,treatment,28.32602345283879,27.24147279215287
100803,control,56.89209809500715,71.7112373131971
100804,treatment,57.58560068730326,49.0888903933572
100805,control,75.74662223210132,78.81160210234214
100806,treatment,71.99959300684168,88.0712264784316
100807,treatment,47.35542686937656,49.15175658392431
100808,treatment,25.11588242278261,45.983214922564535
100809,control,43.61786805978204,52.2390078950035
100810,treatment,54.34462389621049,56.29878373089646
100811,control,45.95833509221192,56.89449358989627
100812,control,38.44211783844688,65.67168144820329
100813,control,55.057696299397975,45.36299692069744
100814,control,39.92084517178779,29.751598682764914
100815,treatment,37.43867832549252,28.613265025522683
100816,control,56.22905668606879,67.82683803800053
100817,control,41.96014839741591,58.91024064589063
100818,treatment,54.882087779567044,48.057234982383456
100819,treatment,55.464080457042456,27.341257098377433
100820,treatment,27.211419978168507,25.482372337120513
100821,treatment,40.37517752269176,51.528812688044184
100822,control,78.75553879832924,70.68398993653607
100823,treatment,26.758409745314257,36.454583746113485
100824,control,7.666911020589382,11.326987361487044
100825,control,12.763096935149768,35.487460857548335
100826,control,50.582198931533384,54.97664999584478
100827,treatment,50.61834556065398,59.72194167498059
100828,control,47.647782891497585,50.34007836568933
100829,treatment,74.28379657857003,76.64958621569713
100830,control,0.0,18.566333226109407
100831,control,57.918677488616474,43.66173479568222
100832,control,81.22876403607147,78.3567338955464
100833,control,27.44438470216572,43.553957444853495
100834,control,42.4038697642021,59.58398756640198
100835,treatment,34.94216165542758,45.711201407145595
100836,treatment,32.113079078449424,25.315745181638377
100837,control,43.4747598995392,34.3733504826052
100838,treatment,78.54970567369008,67.15581122285664
100839,control,86.7477335097504,80.06717204907096
100840,control,43.281215499197046,43.343879997927836
100841,control,88.1012042812894,63.7103252813255
100842,control,50.7115295396925,35.58885584514447
100843,control,85.07382053402162,48.544531714231475
100844,treatment,48.13402700693017,8.833745906913109
100845,control,52.62115652092289,50.222557736404795
100846,treatment,57.30948945285669,87.675879874673
100847,control,113.5770735873507,121.4519640943389
100848,treatment,67.02571149689578,51.328498416927246
100849,treatment,35.85470940097073,42.87406627874861
100850,control,69.37995740551716,45.16040225977005
100851,control,42.76334925831317,27.214934386093788
100852,treatment,40.204996341975814,28.312673780759376
100853,treatment,68.17202719784223,62.145953198355066
100854,treatment,50.62171175542306,49.55257005189394
100855,control,55.57151829023612,57.52157157053135
100856,treatment,50.27970443730585,60.483306490877546
100857,control,56.73166253210869,50.59223117535457
100858,control,58.49931794872298,56.85339551826109
100859,treatment,11.260661345891691,7.97571664124643
100860,treatment,63.33145337219067,43.71256620588861
100861,treatment,30.359611603393986,16.940168453511085
100862,treatment,21.154017288811776,38.45425407181288
100863,control,48.83177512282635,44.653730681627344
100864,treatment,51.67962006628908,28.007120607080882
100865,control,36.129876708554384,38.76281913503403
100866,control,66.6206371533595,45.945124485727334
100867,control,23.15649667258186,51.83211969024448
100868,treatment,41.86112502454882,37.73875212460657
100869,control,38.30251730133999,50.24236475340152
100870,control,49.06825459321321,63.706817731933384
100871,treatment,55.57728569294478,43.050448243080226
100872,treatment,29.842141007529108,37.387614560512084
100873,treatment,64.48565354912456,69.6859322904927
100874,treatment,51.260047366693996,53.97356771073318
100875,control,12.161074933761789,26.397720237173193
100876,treatment,10.82817119205938,4.531784837848797
100877,treatment,49.75361414141378,58.64442087949519
100878,treatment,45.58065364427292,41.75414246257916
100879,treatment,47.93159772850733,54.5715034571662
100880,control,49.440350869395644,61.75057162345966
100881,control,54.51119679020361,62.230902520740834
100882,treatment,68.952992196966,70.3278725022638
100883,control,27.777901981648835,41.827985393745905
100884,control,26.560568141984106,41.52724834837613
100885,control,28.13352284225235,53.38376292383997
100886,treatment,55.778333343374136,55.38330159379914
100887,treatment,74.8989475729289,72.34315783148871
100888,treatment,41.373211235209794,57.35999333564903
100889,treatment,0.0,7.512781692691774
100890,treatment,15.92014274779249,8.276178728545954
100891,treatment,33.339265544079765,45.52927106335474
100892,control,38.84542225009571,38.90862951915682
100893,treatment,41.83222745490547,29.400084427465927
100894,control,50.77162245961834,57.20026417421128
100895,control,43.765073383551055,64.25591529177056
100896,control,70.98679221086815,44.18062676544064
100897,treatment,36.479653886372624,54.88382889692
100898,treatment,32.75364081048914,5.00298207764925
100899,treatment,59.57751077040923,53.38783869478509
100900,treatment,19.287158601477614,52.813105890363445
100901,treatment,57.79383410640004,53.00205667076528
100902,control,52.05106367452534,52.728070899186186
100903,treatment,47.05115020163665,59.38013390554497
100904,treatment,81.76552214298525,52.61733135607086
100905,treatment,37.55585109410564,43.12061288979285
100906,control,91.20596341048156,81.75393165450674
100907,control,45.49137101543801,71.2547190445582
100908,treatment,24.459671100595436,15.997438706703889
100909,control,51.39839161989651,46.0015029813194
100910,control,28.475095993624638,21.57532924168855
100911,control,34.96488304373,25.039680353811725
100912,control,57.940666000309825,70.86963571637689
100913,control,61.111641773002496,58.68629756155439
100914,treatment,37.55664599491484,34.818021304536394
100915,treatment,69.74810290092802,59.460619816309574
100916,treatment,73.15015516042268,61.41182248404022
100917,control,78.72603513126582,65.27669945938449
100918,control,60.588268142514444,41.21416146977164
100919,control,77.26857424171398,67.02876054902039
100920,control,12.384031440518847,17.03616570347996
100921,control,43.64186902743075,35.2066936231377
100922,treatment,32.65989487353147,40.54599033462132
100923,treatment,52.38451722254784,56.46182744957698
100924,treatment,38.57101561606525,35.564511226985246
100925,control,46.67684316100535,45.60091677895901
100926,control,87.64349760408099,106.78853098077612
100927,control,46.60560407159243,75.50489842355216
100928,control,58.275846343804275,42.262582245272846
100929,treatment,45.354613401515294,35.918955810128956
100930,control,51.51426575913668,37.12111127411402
100931,treatment,50.12033360872143,65.57375944427878
100932,treatment,58.96648131946319,52.95281390534717
100933,control,73.30615071094354,70.65020525432428
100934,control,82.94787995206659,101.12830466495522
100935,control,56.192401638183334,54.50586501230286
100936,control,61.790937720712044,68.18599569816965
100937,treatment,26.98270981628866,41.121551761050156
100938,treatment,48.24246515168759,42.40046471656319
100939,treatment,68.80578929767178,79.61573467518116
100940,treatment,67.31937276834307,53.249044427810006
100941,control,54.232194655901004,70.89908950019387
100942,control,67.72787919135905,55.52466358657835
100943,control,59.81533417987637,51.03858201863265
100944,control,74.00612516518643,53.6052534416977
100945,treatment,55.78718313914222,43.61358461469702
100946,control,42.8860336885793,39.01896393985291
100947,control,56.716825138660475,22.87390068026034
100948,control,0.0,9.413303262104476
100949,control,57.65771472770099,49.023418524931856
100950,treatment,0.0,24.45086449953916
100951,control,15.530731851891638,29.74355810423193
100952,control,59.035372018819686,47.41536570866805
100953,control,59.550586745335906,51.09688369429814
100954,treatment,26.75142439720139,30.959863382820703
100955,treatment,35.75795916242122,60.475826882763414
100956,treatment,77.41081977228264,61.180046397151074
100957,control,40.319397368546475,33.218009411680285
100958,control,94.85840624805971,68.7140396921058
100959,treatment,49.96160293647308,31.865662723515964
100960,control,58.16072353762534,60.18181885176267
100961,control,82.33748796997216,76.93727474851072
100962,treatment,52.62054232386839,70.43475101251516
100963,control,29.953120386183976,48.741386527377976
100964,control,47.8054509661142,80.06496167582253
100965,treatment,49.28778527619818,49.98859409927952
100966,control,22.705166955968693,26.082393042052015
100967,control,44.883358573183536,28.96214114330112
100968,control,35.156158120051266,48.08198158933574
100969,treatment,68.48715514374868,66.93342698137499
100970,control,50.692237483705114,59.13462151444987
100971,control,44.3440850170486,30.688866780209324
100972,treatment,47.87636138754848,54.55855726112732
100973,treatment,54.462440368123325,57.56136606725046
100974,treatment,62.3362839937956,62.59147369075989
100975,control,30.005755426612374,25.965558207955194
100976,control,29.168247347574564,50.109471751638864
100977,treatment,72.0935843080506,95.19320805687164
100978,treatment,41.75326255590539,30.626476100380778
100979,control,21.663158148062518,38.277946628830186
100980,treatment,58.87625418766209,20.086811585965243
100981,control,59.267396120653736,65.79542534266052
100982,treatment,19.38569485486587,3.799450998105179
100983,treatment,54.58963430927213,47.99756048710128
100984,control,64.71166184856747,43.66406278494336
100985,treatment,57.48772903412526,54.26352479837914
100986,treatment,62.63962967522791,72.07591989226792
100987,control,21.91461803818502,4.366018515821644
100988,control,56.62080309992391,50.21013302575747
100989,treatment,43.947604810591066,40.16947314216982
100990,control,40.344196825507105,63.673455760185114
100991,control,67.41111218839453,68.7699954042282
100992,control,79.5854902134846,56.615999055859305
100993,treatment,85.88740109200718,72.18091221292013
100994,control,76.2961574301181,90.307442216897
100995,treatment,47.80531636739633,59.30415214271698
100996,control,57.05440326052686,43.14371551028253
100997,control,65.33645743568488,57.96933194139474
100998,treatment,52.42355898598924,50.20746755127124
100999,control,52.61528375823089,44.844630873165535
101000,control,66.47506263752365,39.73231670420918
101001,control,48.81434707948136,40.146667600116785
101002,treatment,35.41426127252677,58.93807537851175
101003,control,41.71053868328283,38.74083638072639
101004,control,62.67820755467485,58.14273852518536
101005,control,50.05986582399912,51.90387894000455
101006,control,56.804199537366756,84.4464021689563
101007,control,63.401584844043796,60.16859082359197
101008,treatment,42.50317074204781,60.34891482391882
101009,control,65.12496327259612,53.43054258216061
101010,control,57.57685206916789,52.251109384057656
101011,treatment,25.303738261770427,33.14386061446015
101012,treatment,78.84609582372488,62.89375563861216
101013,control,39.985105124861676,39.79389591805904
101014,control,16.898093136296325,36.921379490822716
101015,control,29.099125808273953,23.736516422013036
101016,treatment,29.57909678643356,36.185500358769026
101017,control,51.04346637315067,60.158263397308744
101018,control,44.522989889075255,34.985581768933635
101019,control,43.263360647188144,59.43848287523738
101020,control,62.39403930964958,60.25968729224309
101021,control,56.797507223854076,52.913764225684204
101022,control,56.320957412885726,28.1754196096273
101023,treatment,58.19656914657385,52.70499881849444
101024,treatment,62.32269336004477,65.65772563102405
101025,treatment,7.840933164451144,42.969444232121766
101026,treatment,42.711234954710775,53.54589358618389
101027,control,6.395798710210521,32.19528939150683
101028,treatment,50.72119853595591,36.045948847594744
101029,treatment,49.907340555513095,49.752801495903384
101030,treatment,70.9106454957936,83.33194162319035
101031,treatment,73.75268785442242,57.5709048665837
101032,control,54.055500965047344,65.8103209041595
101033,control,39.992778452062005,52.19546734751359
101034,control,59.703222250914756,60.91166895351886
101035,control,39.44164725351373,37.7329084331159
101036,control,49.97214697113302,36.931651736816406
101037,control,69.72272633921536,88.27810522946537
101038,control,38.84457308021153,49.992185233563276
101039,treatment,66.11357278485002,68.09110738078655
101040,treatment,63.54802737384605,56.19953171749057
101041,treatment,30.90416365738357,37.67911731123686
101042,control,69.47788256434802,66.78741658815198
101043,treatment,63.971326907430104,67.26835326630608
101044,treatment,52.03851774745315,62.74329721555071
101045,treatment,34.75353083944695,29.714022802576114
101046,treatment,32.8158796284886,19.210655500163494
101047,control,39.24674846193955,43.049992210227146
101048,control,60.851889265839205,35.02540414467055
101049,treatment,30.887496651972043,32.883989979754595
101050,treatment,58.7502449723974,51.32673542630328
101051,control,25.164889422432147,37.878884187980155
101052,control,45.91862831122302,73.16626476317063
101053,control,52.19295509148017,25.920200355226346
101054,control,98.90260290117834,116.76159230372562
101055,treatment,22.453686889592653,27.75697062811573
101056,treatment,79.44029132980268,78.18129488164077
101057,control,52.9968482797456,33.53116602996275
101058,control,58.223438360319264,69.35495008968597
101059,control,52.36695826776409,52.32384878795181
101060,control,58.89453636390466,55.85776485423272
101061,treatment,46.926297912759644,23.56552739561217
101062,treatment,79.08100362914917,74.28699280680797
101063,treatment,40.870577115505554,55.8421898199955
101064,control,72.64469144358495,63.857846034657705
101065,treatment,37.11265759573954,57.367690487750636
101066,treatment,48.79496307197426,65.58301673563228
101067,control,28.560748954195617,25.439666968626444
101068,treatment,59.1004744069504,79.42672872126529
101069,treatment,78.90251913853068,73.77608541013656
101070,treatment,48.45287640358292,50.997725115142885
101071,control,46.06228602592181,48.35611301680111
101072,control,27.707660738641465,34.19770674863065
101073,control,45.41414692895384,11.76721631344558
101074,control,18.144114805569448,23.65406712307047
101075,control,31.742440265623454,18.26351437110328
101076,treatment,54.535720922182705,76.41618977347842
101077,control,76.38026395482792,90.76710374013902
101078,control,106.18421722459006,103.40824771864531
101079,treatment,38.26829829858198,39.5465960490086
101080,treatment,78.70600313290879,59.69471814922196
101081,control,54.87504960803296,44.95730822474423
101082,treatment,46.97504706507248,74.93002215308282
101083,control,58.651889034523045,47.332006061388945
101084,control,51.23832967359918,19.76714976917645
101085,treatment,52.20791451224437,66.78374460762703
101086,control,41.83333674346662,63.72479295815518
101087,control,22.037806804022985,50.97771550131605
101088,control,19.12749594955837,40.58167493008859
101089,treatment,63.06489766562454,77.19328455578754
101090,control,44.46599819828573,46.549750627850045
101091,treatment,38.07822200687667,15.091857165103807
101092,control,50.17011253446307,50.49641591135984
101093,treatment,65.89864505831255,71.64661868148804
101094,control,53.60727886052796,50.91600449785628
101095,control,36.87890126718065,37.76693895916964
101096,treatment,74.52585911297899,57.1403115059655
101097,treatment,81.58371005963264,61.9360245779437
101098,control,59.89113310645706,81.73476904421159
101099,control,69.4732702268818,89.40022449765905
101100,control,74.83919993627623,68.59438169738247
101101,control,72.60198632809028,70.67569698241891
101102,treatment,62.281983542252476,47.73595520481956
101103,control,61.966940941497654,67.47567196454546
101104,treatment,60.393211466930055,82.57287911425749
101105,control,28.05324650905913,13.310113176999351
101106,control,64.01446313719171,66.64744659473666
101107,control,22.88372057746892,36.79338445895715
101108,control,34.1080108974989,45.06058631559654
101109,control,76.07130135616174,91.28591100987211
101110,treatment,66.80440325388395,91.03729171142902
101111,control,79.74796579371726,69.22227561106905
101112,treatment,44.566512326254156,56.33013487309986
101113,control,26.95502317446465,33.83057456765124
101114,control,45.19125605859314,38.03134271874897
101115,control,52.04062594481148,55.11300401172259
101116,control,51.57977432680019,60.06793453464407
101117,treatment,72.67360957513404,71.37490395059807
101118,treatment,42.77459149993109,34.42401192353144
101119,treatment,57.040689436058486,50.648186223763375
101120,treatment,30.22745701130788,30.639504485225032
101121,control,59.00634556087626,45.61027317937545
101122,control,50.062171003712734,54.19436704830376
101123,treatment,35.00373323430965,45.783903060429104
101124,control,45.28341275650294,59.42035945116791
101125,control,46.31648506969557,35.89208654205026
101126,treatment,44.59689741325808,39.80834810393512
101127,treatment,85.42682484535368,98.63513946195543
101128,treatment,48.03107995384241,47.84723422520365
101129,control,45.12207779645325,46.74015439807111
101130,treatment,8.050980847797163,17.721831133573733
101131,control,32.11585296041045,51.575478590854715
101132,control,44.738531510872946,61.55547039974799
101133,control,36.282946476467146,54.43856881545369
101134,treatment,77.63415186755594,72.57707036357239
101135,treatment,46.70124449207563,37.484690212749506
101136,treatment,75.76888498636505,96.294838862575
101137,control,51.23409268100736,62.25347250303771
101138,control,50.74455672843153,44.517387052681975
101139,control,48.22407104574998,67.50340618942073
101140,treatment,50.07592503242918,44.47150382549872
101141,control,84.3759000609972,94.44377693829622
101142,control,3.6077854649756347,34.76170605118472
101143,treatment,9.96908511122642,9.286742576926883
101144,control,39.136583378877724,49.548376498860385
101145,treatment,50.29055763875138,62.06532863160464
101146,control,63.802088495280245,94.94356358706216
101147,treatment,59.461743960549505,48.776587194489686
101148,control,42.3150817423886,63.18707757310739
101149,control,70.38087386483525,65.51512164839656
101150,control,70.60390806305462,49.03122646620638
101151,control,53.68115662543131,51.17358640957352
101152,treatment,69.25315144973683,65.97246931185768
101153,control,55.452905268642574,40.08187836794086
101154,control,38.77033946434233,45.70742340503781
101155,treatment,63.95633678000009,74.63787805242593
101156,control,52.21226245157355,54.810295302585224
101157,treatment,50.02679693508974,44.35217415197027
101158,treatment,79.45907144379149,71.63020273462261
101159,control,0.9825574291982662,13.176815110934161
101160,treatment,21.646316596808607,33.10963235175983
101161,control,26.2585914725126,46.875624575666336
101162,control,42.734787048623886,48.14851508172705
101163,control,44.907836604679396,27.624945232394857
101164,treatment,19.85348704453905,21.45130671613766
101165,treatment,30.296839353783472,38.91888158070809
101166,treatment,32.78316642952859,53.458143971482215
101167,treatment,99.14848184151784,105.5302560024176
101168,control,86.03483895494293,100.5030095623678
101169,treatment,41.765011646307016,47.05162480292705
101170,treatment,42.72833419386402,56.143881904564786
101171,treatment,27.015920056234116,15.021222484477228
101172,treatment,11.837391735494663,28.56484248059351
101173,treatment,47.66239627182952,35.52239017296832
101174,control,30.042960335119485,34.20490445553434
101175,treatment,48.3029893667598,90.30823647343135
101176,treatment,17.995883019130453,31.51255735624804
101177,treatment,34.76051083379485,28.643208339539736
101178,control,52.97254190605662,57.62394791529674
101179,treatment,57.32419195567875,50.1528822025703
101180,control,58.34943917484029,43.552629396209326
101181,control,23.590220316859252,58.014586126742884
101182,treatment,67.09371460271123,78.43288253780709
101183,control,33.99576606796299,42.567844443988875
101184,treatment,62.65715829214613,55.809533799719226
101185,control,49.78722646763614,45.72906144053319
101186,treatment,22.47225001844104,51.259304621312126
101187,treatment,43.67604590837624,50.8126740423771
101188,control,57.30727484127535,14.698777387389086
101189,treatment,62.259307609491984,92.72048696617463
101190,control,47.18024205111163,50.3068688931637
101191,treatment,80.63557781202105,79.01902834452498
101192,treatment,70.15021541973118,80.9882827016594
101193,control,44.866917672004945,52.3068889566677
101194,treatment,65.0024362427389,72.63249945490263
101195,treatment,88.67586970376374,74.90156768127488
101196,treatment,89.20969201566054,64.63860605811955
101197,treatment,25.440002383550052,36.78713303259247
101198,control,31.46933777685699,55.04048504861661
101199,treatment,79.69837573467701,65.20415946024211
101200,control,28.834378983247255,24.49493204353092
101201,control,23.54917733416642,46.3144495455515
101202,treatment,40.27611738601907,38.1583025346141
101203,control,58.40453418949171,50.87220349062912
101204,treatment,47.952065867778074,45.02781465401475
101205,control,36.98872759188816,39.381928115667
101206,treatment,36.51575076550982,20.56953779726234
101207,treatment,35.75325871174583,33.68014498447571
101208,control,32.409807426821146,39.85483801344722
101209,control,95.63265754552123,87.17765347071045
101210,control,55.9502214237111,69.78147425311397
101211,treatment,67.73518108809478,89.13425773324066
101212,treatment,40.21845063762153,64.17211328809532
101213,control,46.28086645627902,59.31036356386909
101214,treatment,35.7289203725929,38.829116586829706
101215,control,0.0,4.257570956388948
101216,control,22.439814463042676,29.566370278526428
101217,control,13.787626400392107,30.58719878958526
101218,control,5.004324440967849,27.126458367335978
101219,treatment,26.092820514037946,41.81226486730447
101220,treatment,76.49911358763262,69.77133437941416
101221,treatment,49.11127664591291,61.2426664978841
101222,treatment,75.81127524642348,87.53823185186747
101223,control,58.21965153801751,67.80816610398219
101224,control,65.65117651430319,61.31488947237866
101225,treatment,31.982060093908498,26.955763713295067
101226,treatment,60.479019083853416,48.014713559740684
101227,treatment,64.57428468148692,53.41905140741859
101228,control,38.46705415532614,44.75107583617653
101229,treatment,61.19080741232332,66.76946287157305
101230,treatment,61.32375517149666,41.28031270490423
101231,treatment,39.008947577398345,36.58948208943373
101232,treatment,27.5446313545801,37.87683770990859
101233,control,26.317433362034556,20.336428513129892
101234,control,51.73011083842923,57.037595537991024
101235,control,56.5401973757863,50.838254013085475
101236,control,34.14948339084171,28.542161882033092
101237,treatment,50.531706826521976,52.60262183317863
101238,treatment,61.41074072276971,65.24743652352106
101239,control,62.36381429330602,48.047878282950144
101240,control,81.03760240244978,70.06874169196975
101241,treatment,75.53961664396087,76.84151588255486
101242,treatment,29.97417134486912,26.39912300035288
101243,control,83.67172419076044,53.323731473181184
101244,treatment,39.3804699088857,23.208391097758142
101245,control,70.89745624908855,60.14279907846434
101246,control,51.359732521021776,33.57876497543714
101247,control,41.75701243086065,39.217831022903404
101248,treatment,13.846062804501344,46.40967076006467
101249,treatment,46.56870979567304,30.689389888460475
101250,treatment,18.81233529388782,24.37074068886416
101251,control,69.34598471685544,92.71722638790413
101252,treatment,80.33585314278497,79.65094336767815
101253,treatment,34.0617802140662,34.681813310811904
101254,control,56.03941485038543,52.45419895797637
101255,control,35.49216955984049,44.79905926739785
101256,control,37.430305397264206,63.00568309156857
101257,treatment,65.48989407730743,56.094887418149156
101258,control,49.22923476313175,39.39968407621036
101259,control,84.79296083862023,57.85479556666221
101260,treatment,40.35535042594158,45.63034513534804
101261,treatment,69.98672664948978,47.894548978903934
101262,treatment,51.94826825915564,46.82593375601053
101263,treatment,65.91556019488466,51.4159181178615
101264,control,41.05684685340107,57.50195356728673
101265,treatment,49.00882324896835,44.03116539464512
101266,control,47.69002241402131,53.51841148912676
101267,control,33.278857703084256,16.239000694634495
101268,treatment,63.24163069163505,63.17089650451492
101269,control,63.004980111567285,43.837420300415715
101270,control,61.87109389811133,53.272520039872994
101271,treatment,80.7393130783529,103.80594535810368
101272,control,78.98689602472606,84.07167992217397
101273,control,42.501106203017294,42.677090855347366
101274,treatment,57.46104636868357,99.41380853565445
101275,treatment,37.52798621483575,30.039366476585133
101276,treatment,50.46710632229111,67.26469359446746
101277,control,38.00501101762271,20.728380995024718
101278,treatment,82.40140618272102,72.57425985781303
101279,treatment,57.273963006859255,39.125889762246274
101280,control,45.63941743791156,50.133003526718795
101281,control,73.87237143712754,68.64469543677872
101282,control,6.587691804091769,13.370746124026898
101283,treatment,9.717948102694209,35.73501760694677
101284,control,65.91677310439547,54.43556557166903
101285,treatment,51.20936896234736,56.730868923185426
101286,treatment,55.008926005215216,66.11161604902851
101287,control,23.472077933629024,10.482886160042352
101288,treatment,49.53532578299268,41.250903208721795
101289,control,90.07018820802685,80.76515478047551
101290,control,66.48399239591726,70.69914047505948
101291,treatment,53.39413090285624,72.8468065897492
101292,control,41.218921797901245,40.55837004584215
101293,treatment,42.10854296261212,41.394888841934545
101294,treatment,7.416042215999646,8.018671207161942
101295,control,55.15280841842321,58.22988553635663
101296,control,66.90966216963707,58.75175057646752
101297,control,18.487613456587695,22.740603999215065
101298,treatment,36.77166215386368,40.33671842765568
101299,treatment,26.850707355331558,41.43538385897634
101300,control,30.69297610382473,28.062277827062562
101301,treatment,51.06963253643801,42.08753302192919
101302,treatment,8.311956900230513,25.94514183258587
101303,treatment,62.28540876714128,20.68747844497281
101304,control,65.07710139867365,53.32191445187283
101305,control,44.97794823926175,31.003068091955555
101306,control,0.3858298003091676,28.70698245571147
101307,control,30.07162747995221,29.220728437018156
101308,control,74.65803868205393,61.07595202602384
101309,control,0.0,11.856784979469658
101310,control,43.04953175612962,36.91111190118344
101311,control,26.39998443065482,26.973453861328828
101312,control,66.09140603169674,63.35320450224807
101313,treatment,36.497720957130774,35.79022055326194
101314,treatment,58.07908041471223,51.88129712563145
101315,control,61.30920838338186,45.11877633951813
101316,treatment,86.72451679460039,63.78026337511428
101317,control,45.941161126492595,47.758021601361314
101318,treatment,57.520887392452224,61.19660904803373
101319,treatment,20.298890417451283,10.331431249603511
101320,control,73.80827126587488,77.90928342978695
101321,treatment,34.789823038572706,50.19976750284019
101322,treatment,38.784916718245086,55.98261286608923
101323,treatment,49.55504410301579,55.13344277289382
101324,control,18.74231309320301,34.98453883037923
101325,control,54.57540057857876,82.33672539894962
101326,treatment,69.34932545850022,62.023238239698195
101327,control,55.858676469945834,40.560809055221156
101328,treatment,18.222048716425498,7.372831800895252
101329,treatment,47.52381411340681,72.86824359862547
101330,control,64.84057805958982,84.52928958817394
101331,control,12.440224680681844,9.598863613349021
101332,control,28.504679723645722,24.25695982419002
101333,control,67.5308720816304,58.86215549961643
101334,treatment,55.401908683945734,71.74682763575964
101335,treatment,58.23943164253508,40.650166335073266
101336,control,87.18989615246623,51.87649118264986
101337,treatment,59.37105557012405,87.20181301817212
101338,treatment,63.15776020866359,65.50063032354942
101339,treatment,104.21491054436652,98.17250590777103
101340,control,45.723908838190184,44.07963421781712
101341,treatment,34.042344727630095,45.69351390872797
101342,treatment,58.555927964942654,37.885884968351334
101343,control,58.7798205877779,45.46053197947527
101344,treatment,39.465692161075836,44.99037717502919
101345,treatment,29.352059608903048,5.9729819208000166
101346,control,96.19688844180156,80.64573446450554
101347,treatment,56.536869407760456,51.585210254543995
101348,treatment,35.354292371958486,36.5115038888233
101349,treatment,68.31860604559196,57.94882745646294
101350,control,47.81709696877331,35.18841088377453
101351,treatment,44.94237107364337,23.603562521953894
101352,treatment,61.24545743828986,61.84891652779694
101353,treatment,24.1623546353662,28.151498818784187
101354,control,57.052544078343445,37.0961432841725
101355,control,88.25909615463505,79.52156141092775
101356,treatment,59.323553243946215,54.59084060639782
101357,control,42.47575792433071,38.25804482053694
101358,control,39.85789439143516,13.860383420579751
101359,control,41.79320053309782,52.87706560402795
101360,treatment,44.92074643904438,31.378827799391846
101361,control,42.44386934483456,45.16988880711395
101362,treatment,68.32622882149133,54.55228514659758
101363,treatment,15.335817935820337,20.359494984624483
101364,treatment,67.24000100824267,79.67339761006806
101365,treatment,42.40626949714878,52.83734988166821
101366,control,57.53895571390744,70.6032401326842
101367,treatment,27.460241795982725,38.9657706247458
101368,control,76.57262133698872,75.16995304093876
101369,treatment,74.91269920343746,46.62227017739467
101370,control,69.19181051500146,60.19339704216004
101371,treatment,19.704904484129212,25.803412856553948
101372,treatment,66.58242142132106,80.12438007974008
101373,control,58.09710175271418,49.37604177449012
101374,treatment,17.894575057348646,30.924693259677284
101375,control,49.51405232458369,52.62202817568247
101376,control,57.29068978066525,70.78262020099716
101377,control,61.121505476463014,56.57186120180434
101378,control,53.545227338977114,63.60951252816809
101379,treatment,55.8246283369476,33.315225433547376
101380,treatment,79.47222784506191,52.252700729820624
101381,control,74.5206781982136,38.1847021816489
101382,treatment,0.0,24.39760389218043
101383,treatment,43.65122890324636,55.65019759681185
101384,treatment,46.70697944912097,60.89414823405524
101385,control,14.958028545460579,14.757866584671545
101386,treatment,51.88366116464624,45.457711104636076
101387,control,74.97515544821013,67.13005678978217
101388,treatment,28.268642808188194,54.29982872392513
101389,treatment,56.728018773797444,78.95325402721869
101390,treatment,31.683530454071246,48.26374710421338
101391,control,36.56175952640646,44.30029899924036
101392,control,79.5478726834007,89.82635712861591
101393,treatment,39.1488435977635,39.97715511617547
101394,control,59.24424978021249,51.76151700104372
101395,control,12.57563767878026,20.224926035233576
101396,treatment,87.2463512278976,66.48758929067519
101397,treatment,62.053048926129975,58.22463041842361
101398,control,46.350003146994766,32.48058337606868
101399,control,61.510930199997894,72.1927765535235
101400,treatment,21.803611421043794,37.545016703957316
101401,control,73.65061483505315,86.64929406409385
101402,control,43.520304490071396,23.58684280802751
101403,control,45.91860969903131,72.09604322710649
101404,control,40.16688770069031,21.823271337213583
101405,treatment,38.386971945088305,26.93810315526284
101406,control,63.893412232568174,52.20736206667529
101407,control,55.11813700208446,71.13812142799117
101408,treatment,63.0349628280608,64.26027900121521
101409,control,49.82410621028857,46.6425218614997
101410,control,60.26399622154362,47.21252179416673
101411,treatment,41.62302512149923,27.015357697122415
101412,treatment,94.59463682819097,99.92922875418503
101413,control,18.64139167139003,37.046048113477994
101414,control,75.21874647125969,86.8052966451542
101415,control,77.35814901441941,75.76802215938709
101416,control,32.95682388068812,2.2658876920646662
101417,treatment,94.58547221111947,68.47481952898679
101418,treatment,69.90980565890636,72.58202357878096
101419,treatment,69.42278013645823,61.17618858113816
101420,treatment,50.560443740517535,44.52754847199812
101421,control,45.65547683562647,32.14728932867977
101422,treatment,45.81182345920784,60.89429929609662
101423,treatment,57.810611926390344,63.39282028747735
101424,control,78.02372550067793,77.6479308010246
101425,treatment,53.62628435722839,45.837943365838605
101426,control,31.771127537254195,38.660413499109694
101427,treatment,66.4885412476996,46.16943939887187
101428,treatment,68.42301492789585,63.59979844323846
101429,control,63.09319056895572,26.378527942508413
101430,treatment,64.90997813049965,41.93825694279077
101431,control,44.58143739684384,41.67229312512585
101432,treatment,31.42021665738841,68.9850222402423
101433,control,32.636131387184406,13.155506803366727
101434,control,17.29073503084284,9.017026357498018
101435,control,54.738972230918996,56.42189018596806
101436,treatment,48.33102433546813,73.65553311868037
101437,control,41.20024590940582,46.074675176891354
101438,treatment,0.0,23.288463631435206
101439,control,25.053650606116623,26.824160124724404
101440,control,72.41681302806333,60.0577210790763
101441,control,36.707479998737384,41.11780678521434
101442,control,57.21183355313683,46.700525073307986
101443,treatment,22.186291400494873,40.22090131275295
101444,control,78.77410964718462,50.33160232258102
101445,treatment,47.11944679890647,61.11300689040078
101446,treatment,55.800807929670704,56.370668216462555
101447,treatment,96.5155958376337,83.54620678015696
101448,treatment,80.32880201178807,52.51195873798053
101449,treatment,43.86868757425884,33.940129863171144
101450,treatment,38.135596302592816,58.45836575970266
101451,treatment,43.48909976960937,43.857319464539344
101452,treatment,60.197964969530716,62.83133925755497
101453,treatment,47.89551731498258,38.28652309947515
101454,control,42.09511709993057,43.686981115517966
101455,treatment,79.34362501418084,55.35585335916865
101456,control,47.71580216444326,49.608169649503765
101457,treatment,95.99178186074639,90.89695459499379
101458,treatment,51.81485127504346,57.10247263026448
101459,treatment,85.70636788449454,66.32647216373381
101460,treatment,57.146388454212534,52.33488214248522
101461,treatment,69.25921146498897,73.05081917887733
101462,treatment,35.507778969645514,37.83377775265727
101463,control,32.924815548251765,33.39291870117753
101464,control,59.19411910029975,82.07609893067504
101465,control,69.7710648493063,52.24789509673868
101466,control,50.80513004000926,64.89644042223105
101467,treatment,24.272133298326057,16.92911057709904
101468,treatment,22.79483267421346,39.75806408636017
101469,treatment,21.45727195627518,39.460931762657616
101470,control,14.647557741212381,16.734171915339978
101471,treatment,52.18970718894175,37.03657549345277
101472,control,72.50087843416051,40.80927766397991
101473,treatment,49.73168426150382,43.161576332664126
101474,treatment,4.791704853242955,24.554997028564703
101475,control,46.18479079330903,32.882912547550134
101476,control,46.74402006734786,48.84052422593492
101477,control,91.91997500450879,61.90865088579435
101478,control,20.857241741608874,25.048881351698707
101479,control,42.18644794801609,28.965871394099874
101480,control,84.11705361089128,74.55620513254519
101481,control,58.99956682693096,50.12101680188983
101482,control,61.266261470328494,42.70263227475877
101483,control,52.29168874047757,43.002689715606415
101484,treatment,56.59887077314529,44.091419364775284
101485,control,65.55219060557071,44.28255296271161
101486,treatment,33.81027362214468,53.68108615065445
101487,control,67.561171578164,58.40621308445527
101488,control,22.539939662289218,0.2722504009846318
101489,control,56.56735945663076,46.68028952319789
101490,treatment,53.574819265726546,66.28161302969897
101491,control,37.674138236157845,30.683775666463145
101492,treatment,49.54629449348707,70.97301001617036
101493,control,37.54919694668894,29.32932393474715
101494,treatment,28.565973462765115,42.08394271545815
101495,control,42.92770516772711,58.40921834720439
101496,control,27.92022729256677,39.395676931806825
101497,treatment,56.45594928186496,38.15911578411429
101498,control,26.99829011695273,20.28103022257751
101499,control,64.23954045982103,76.15823962913548
101500,treatment,26.370418641423598,23.133804903628103
101501,control,38.67410168837988,54.412563345443345
101502,control,37.50793183569642,34.938817042407564
101503,control,76.50293457749677,71.74824079691022
101504,control,56.605798912331835,36.617873456977115
101505,treatment,45.765323949112116,40.27736929546573
101506,treatment,59.97438882139447,47.40157659788787
101507,treatment,7.8561530534062385,22.876517646254683
101508,control,49.13732820718185,50.5858842489931
101509,treatment,89.95028355609526,87.58299551485037
101510,treatment,52.64693012805345,46.99619481771947
101511,control,51.35826338338671,38.712910383943345
101512,treatment,60.962567592843925,62.139204282875376
101513,treatment,67.91210486628691,51.31389769977311
101514,treatment,10.050666142202807,35.80418867247286
101515,control,16.353470364179465,23.250114000812648
101516,control,54.20582582172293,48.8400073958618
101517,treatment,35.702468762049804,46.89086037070467
101518,treatment,76.24050524439829,70.17017156084745
101519,control,43.69651220229552,23.338421633573557
101520,control,11.30938528573764,6.940641224739478
101521,treatment,24.63972166312006,46.47196219721121
101522,control,0.0,13.609685616438014
101523,control,45.31748925434175,24.24306585202093
101524,treatment,46.23231745471233,53.33224290180081
101525,control,41.510745804362045,36.234760573797416
101526,control,71.57758078059477,54.614638606065924
101527,control,73.97039673033387,52.832554973511215
101528,treatment,46.592231532877776,62.17199719822603
101529,control,7.306126650462879,0.0
101530,treatment,62.34563160984517,49.679715787349245
101531,treatment,61.10720457017151,61.419531169646724
101532,treatment,56.1878314031389,77.02065434679096
101533,treatment,69.62959498616232,73.54905148531037
101534,treatment,26.7034380707792,22.83572487439025
101535,control,90.17510772370278,100.36277532419841
101536,treatment,30.81144493716264,19.1819861457533
101537,treatment,64.98445854401709,66.24841144481907
101538,treatment,16.25304611173297,32.642568913880226
101539,control,31.394706254598983,24.3899661436892
101540,control,80.32737293450673,81.97381835899452
101541,treatment,44.782003539983,40.788375243043774
101542,control,66.79845210265596,71.79470902190334
101543,treatment,54.73910777438492,30.71876989909632
101544,control,47.90083687999655,52.856944809489086
101545,treatment,77.27700649865379,66.50609602610248
101546,treatment,45.26682350696199,63.15926908583666
101547,control,14.38523784873059,22.707118019282596
101548,control,33.935198160965896,54.47715200402748
101549,treatment,61.023834574033884,66.48296162352202
101550,control,57.91018212725017,54.24585823194519
101551,control,18.658834995291237,36.91401178945524
101552,treatment,35.51314961183598,51.13926832679982
101553,control,38.365573015955064,47.51696232740192
101554,treatment,42.6906081177155,15.693659251937913
101555,control,22.481728227968972,16.363242637775862
101556,control,37.432577837610424,58.884432668433874
101557,treatment,35.427790294809455,23.956240752887126
101558,control,65.43066519523839,73.24686262017967
101559,control,66.18242621980488,71.48230987925302
101560,treatment,47.08379083822368,39.71204181784837
101561,treatment,42.15920408258537,19.224969595330975
101562,treatment,52.79848624078227,46.07285842107726
101563,treatment,33.6684978508885,66.74092851868627
101564,control,27.063358356651182,21.37743362911244
101565,control,31.19557582148566,25.38964481213325
101566,treatment,37.30373672057087,28.781027690567157
101567,treatment,26.730524004154578,50.117981110574945
101568,treatment,53.24119118125749,50.71742057339156
101569,control,64.59431347567417,52.66577397752724
101570,control,18.258033984035166,44.892029158778044
101571,control,50.50257422432067,58.04291688278863
101572,treatment,45.60128409467329,36.03989625973595
101573,treatment,56.83017371073606,40.43613659860583
101574,control,49.74122463792824,65.12706699353028
101575,control,20.928014401367385,28.418097332175595
101576,control,24.75221402285669,10.571969709856042
101577,control,50.58847151169945,26.852950301882366
101578,treatment,70.57561839491018,52.16790932648962
101579,treatment,5.71625257913994,1.8903495642652324
101580,control,56.9145315960316,28.118844555515995
101581,treatment,73.79244010575286,54.79921982206497
101582,treatment,46.939482475875735,37.04631885219077
101583,control,61.004049920528814,52.13233931365396
101584,control,35.938618382043956,61.84905864358827
101585,control,47.612676014462465,44.679502325832985
101586,control,17.58172963383697,23.46949049206177
101587,treatment,3.1131338316225197,23.071665605905523
101588,treatment,68.8553160245055,62.502064030060765
101589,control,30.300101445511164,40.51860222828158
101590,control,40.88944309993139,46.87926821794493
101591,treatment,22.271154934596137,32.32506049172573
101592,control,21.800605938322484,65.44736080307777
101593,treatment,46.523245998107676,60.94549648070664
101594,treatment,35.40845611728707,26.24650529173919
101595,treatment,57.55941995989397,62.06714414239637
101596,treatment,59.05076837959184,47.81438281350364
101597,treatment,56.41699292649214,62.21608741524378
101598,treatment,54.772015818568875,36.88699230505799
101599,control,81.55536409863772,59.01197843828532
101600,control,28.64812461910228,38.535562886043124
101601,control,48.90130267594164,62.373898833509344
101602,control,72.65379641039178,73.63970703135628
101603,control,75.29079618676073,80.26700742831828
101604,control,21.56472701310854,33.618699969580014
101605,control,43.752891166882605,47.59657727600356
101606,control,77.16242191734521,63.70858073429053
101607,control,60.1615821039813,68.37618958453773
101608,treatment,53.90526062959545,67.98682334186638
101609,treatment,45.646306131306865,47.39978748305765
101610,treatment,42.32398148584509,44.19619997271643
101611,treatment,55.764381261806484,76.87560601035446
101612,treatment,44.952517500310336,47.444233371617536
101613,treatment,49.148427579111114,51.862550638082475
101614,control,51.571974122300745,57.58468724316888
101615,treatment,36.438569430130016,40.0350719229924
101616,control,60.642587477628766,47.12985818613811
101617,treatment,108.28489296830838,100.2136843111245
101618,treatment,14.460267213478495,24.33251981722448
101619,control,56.480250483799594,79.2308614053538
101620,treatment,34.796198227621886,50.52734259893157
101621,control,61.548051550385,50.78354846242719
101622,control,50.931149466557216,60.342922253757784
101623,control,65.23709548084926,65.50050378999437
101624,control,73.51013153017558,84.95468042320567
101625,control,53.848422355363624,45.94843966059383
101626,treatment,72.64104576828356,70.97673516065682
101627,treatment,3.114042124226451,15.024645833146659
101628,control,81.80904595832047,74.63039451987434
101629,treatment,57.501243037846805,45.41585087898412
101630,control,71.55686711490364,73.78624558837114
101631,control,25.602485103169567,37.23101148141202
101632,treatment,33.38460236789329,56.04036212333004
101633,treatment,52.918765882895485,53.55644485697879
101634,control,49.65924221325074,44.29630706545956
101635,control,55.66137176019979,64.68741199645658
101636,treatment,71.69030321859933,57.26139099459647
101637,treatment,14.695593693943017,39.37469155137321
101638,control,69.47638143434618,78.93193924742515
101639,control,50.16563819915854,66.75646515461996
101640,control,45.924362777509046,51.92552586059593
101641,treatment,20.577695312302193,22.997529273795543
101642,treatment,60.0609733675373,60.49014787577585
101643,treatment,1.717842979379256,20.316221121787844
101644,control,62.967880224774255,52.31593270789219
101645,treatment,20.157883290540163,46.75388331403238
101646,treatment,51.06915825234948,59.97566092362353
101647,control,47.61662325344159,36.4094671710556
101648,treatment,73.39076294587767,93.95114969979993
101649,control,46.4268966197222,48.60851147711728
101650,control,36.11722877708669,25.114298782514467
101651,treatment,39.86794608057594,32.91772989155505
101652,control,75.45765537509327,88.77476854522297
101653,treatment,60.72593938361787,83.6867357114822
101654,treatment,42.287400369536776,59.06978229588882
101655,control,45.27107160070973,63.90611663402363
101656,control,18.65645818829106,42.586653367107665
101657,treatment,57.76948401703082,64.694421219416
101658,control,14.803685846090687,27.955578092046984
101659,treatment,65.03592931670912,69.91866576044185
101660,control,52.572431849825314,61.66589300566977
101661,control,97.73903599147845,75.99385750335831
101662,treatment,27.997288925513885,44.68087053274885
101663,control,47.94675817918734,67.75575581477543
101664,treatment,85.96575401846125,75.74426489975035
101665,treatment,73.8277928058283,65.22696591085511
101666,control,36.075758968402006,45.86093433855747
101667,treatment,54.47934856746895,46.265349846925034
101668,treatment,50.039987128301746,34.11011743934389
101669,treatment,55.63911734788314,70.9122337863727
101670,control,36.0263912803034,33.554269023061416
101671,control,48.21359194598531,48.90424571617034
101672,treatment,18.038952494465725,19.458018735047162
101673,treatment,52.70246903736164,70.4167304053417
101674,treatment,59.00041346843664,69.53676979807238
101675,treatment,45.45161174712232,44.90402402717929
101676,treatment,17.698982188304242,11.66566164251465
101677,control,69.77063725702925,60.23852801251711
101678,treatment,57.290500759856045,64.51028683688688
101679,control,35.47969804598046,41.60518934139851
101680,control,44.38799106323872,47.23422476814618
101681,treatment,19.986611944363226,31.790470310362426
101682,control,29.49179744444191,44.65677870491706
101683,control,39.24377307285721,41.37908458446685
101684,treatment,74.56841624560303,75.87943056695192
101685,treatment,37.20993218225048,28.851735197655756
101686,treatment,62.80427318657517,94.88747509716033
101687,treatment,39.2336759427684,39.67015112588189
101688,control,54.958951217037495,56.4124957504412
101689,treatment,47.17208995712396,56.872701992223014
101690,control,67.46113200185486,57.66160131760802
101691,control,39.30377323562884,42.08134222494326
101692,control,18.54943499995118,26.354865511229228
101693,control,22.36101937272735,17.179177120600563
101694,treatment,39.36245012114485,49.32383032906146
101695,control,25.018800586438946,9.446946235782253
101696,treatment,58.20424031359103,80.83933353238194
101697,control,40.684636702838446,53.50349631996699
101698,control,97.49213100052863,94.07389232885704
101699,treatment,15.245708097257364,2.4606653438418746
101700,treatment,54.07266357419603,44.07032879854057
101701,treatment,27.44093952988662,52.96001302187078
101702,control,40.13197319234643,97.51474173807546
101703,control,52.82838946681088,67.92558787882629
101704,treatment,3.492572502514264,30.3369013127419
101705,treatment,54.73652233576055,61.99714801336158
101706,control,88.05814924548335,67.33227785074376
101707,treatment,40.93123403262814,57.863341201294986
101708,treatment,55.19615713611019,40.82951407269191
101709,treatment,70.498433862508,50.85928895776043
101710,control,46.72092999946007,30.693488087304615
101711,treatment,38.38079622937033,55.693194528112755
101712,control,4.485271925564959,15.104437388683856
101713,treatment,62.81981438789947,62.44908804119209
101714,control,47.73663180542206,48.09869892082952
101715,control,29.746322972236765,19.917912155366075
101716,control,52.531934205553874,43.026014784329966
101717,treatment,38.32639286387637,34.53732740483777
101718,treatment,39.43147737768949,24.98361416377646
101719,treatment,62.12582312217417,53.9242947381661
101720,treatment,23.23235177352311,17.11992395677756
101721,treatment,70.94630572147517,74.85165955333092
101722,treatment,22.046276737631928,39.27853284855386
101723,control,36.745971832894725,22.946241850826368
101724,treatment,88.45892388133154,76.4201235151859
101725,control,72.54709523284845,91.46368574667662
101726,control,51.952079849908806,38.48978627555235
101727,control,31.18939568997567,41.53593459638691
101728,control,39.41455386600214,43.456839375672615
101729,treatment,51.46550629171393,67.05667316380425
101730,treatment,50.75046464679197,55.971507399581334
101731,control,48.18258140748074,42.9314331747456
101732,treatment,49.38334971831631,51.92071859833204
101733,control,45.71249780589772,47.86079653390753
101734,control,21.160425287199743,27.15730572168437
101735,control,39.66978515678335,24.802134555768315
101736,control,68.29248107973693,80.1638773764106
101737,control,22.633314048977653,43.58257585301
101738,control,46.20888976921443,33.3433448927099
101739,control,33.604921424583125,33.72546489033288
101740,control,52.227008587962224,48.692652916992834
101741,treatment,42.22733637866364,30.37119662053464
101742,control,79.54787329949338,47.46551161000751
101743,control,60.13166308380508,48.727640372917094
101744,treatment,23.76393668445577,27.108192718411434
101745,control,63.424560232273976,41.00269526771627
101746,treatment,34.50696287475874,42.22141791286123
101747,control,38.46007257244933,56.72819737473164
101748,treatment,56.276380402142436,67.34743479053392
101749,treatment,40.16505160539731,42.44789503935922
101750,treatment,67.8571163264591,40.54647894999651
101751,treatment,34.50979876973209,49.35020110795243
101752,control,37.621068948172734,42.65238807729027
101753,control,36.87258212903782,45.76807411460482
101754,control,38.68722503289922,67.12765138595542
101755,treatment,71.98383111095626,57.076641082156954
101756,control,62.575925872206064,21.401704283519457
101757,control,84.19887908024143,61.713265158245264
101758,treatment,95.3528840779851,91.94443494151915
101759,control,29.385659361353206,34.89544072027228
101760,control,51.40838254654578,34.97493249159335
101761,treatment,26.47599366713134,15.075899610947353
101762,control,34.44788144503466,33.64487474120501
101763,treatment,37.39834979488661,25.564479313413038
101764,treatment,28.856902517234513,42.53000963258064
101765,treatment,28.962254542031726,30.27902475657291
101766,control,47.114312429594904,39.53974449888278
101767,control,25.66563163227186,21.71816978828946
101768,treatment,66.84253918275266,67.61269088117199
101769,treatment,31.644929251649717,38.29736398687008
101770,treatment,106.19137940192785,96.3151781090358
101771,control,40.972310980712095,45.612121796086875
101772,control,51.44035283834104,50.125207450737044
101773,control,24.093176310679297,16.90284925458363
101774,control,84.12183516255278,65.9293554825408
101775,control,72.39001361605833,61.571451973465564
101776,treatment,55.93831741472225,83.27370310492432
101777,control,23.063949024408686,11.95453445253493
101778,treatment,54.213337554492405,49.1174650010897
101779,treatment,27.5713790796549,35.978485325350114
101780,control,79.24710526946721,67.92261380380276
101781,treatment,66.18389463706345,77.84520258930924
101782,treatment,51.90878076975472,48.850541556872685
101783,control,1.2724867350535547,10.351673979781925
101784,control,30.33168042681939,46.02528260976939
101785,treatment,63.75522263199745,85.76988075462928
101786,treatment,74.25767383446312,88.31270871682268
101787,treatment,72.18339622984263,66.3297862071628
101788,treatment,18.159739955170892,26.96479351334149
101789,control,56.031046136258084,55.14132211789234
101790,treatment,70.31030432965859,68.67734763557196
101791,treatment,16.833288688355097,15.415604593947124
101792,treatment,49.841909692535275,63.771403625685174
101793,treatment,55.476847966169125,58.34081782737921
101794,treatment,43.984708303065304,46.39513962546159
101795,treatment,12.95676289197597,6.901899436057679
101796,control,43.48603779852543,45.93849743777047
101797,treatment,43.45389139489952,21.545573879324348
101798,control,47.03855190904492,40.08441635901801
101799,treatment,38.73057149149861,35.598846142749935
101800,treatment,41.13975693517065,48.65140724328201
101801,treatment,49.205874353060445,75.77248410531443
101802,control,58.84909209939423,64.20244371000545
101803,treatment,43.911464742866656,66.09415697027171
101804,control,41.807021432639964,52.39062083899808
101805,control,51.84708076508916,66.26836930061087
101806,control,11.581681482096371,45.75374675588796
101807,treatment,59.54070254452916,48.97423561565164
101808,control,49.98873805754082,39.446853034861505
101809,treatment,50.793870531951235,60.94293948292424
101810,control,69.21468615188928,64.36235324062757
101811,treatment,10.943689399035037,25.122774259511896
101812,treatment,10.523322602820727,18.60293817305851
101813,treatment,55.47607690647039,47.71929626834361
101814,treatment,49.857662897429684,72.83394840976571
101815,treatment,53.40353886383865,39.50285922848899
101816,treatment,40.75745849655109,53.648209971377824
101817,treatment,63.287073484798626,68.40019348494138
101818,control,68.6527768598224,43.10120013369232
101819,control,59.679645879030545,46.26954367283679
101820,treatment,44.78343083190833,38.82100102161505
101821,control,7.846212247711939,25.85340497585201
101822,treatment,65.38472416074256,58.18312505694449
101823,treatment,74.43457332435186,68.69368327799238
101824,control,62.8911682396796,40.38551415069881
101825,treatment,32.40715145264987,69.07428345908757
101826,treatment,63.475887873355155,62.54874541312676
101827,treatment,67.2105941592289,71.00910701065067
101828,treatment,81.17632495598171,67.73044074115442
101829,treatment,32.477801515440845,29.724903105448902
101830,treatment,45.470908309117235,73.40562089932007
101831,treatment,64.9454410228691,37.353237243733744
101832,control,51.14820142876316,54.547305304697524
101833,treatment,27.653447958974503,18.71339592793807
101834,treatment,58.292325700534064,52.36158259925781
101835,control,61.573232676303334,50.23872813506948
101836,control,51.75925792662004,38.27618470203052
101837,treatment,54.391698543598885,55.26262392188372
101838,control,44.825881966285394,12.147579058028512
101839,treatment,79.56557871432119,69.50066371243004
101840,control,31.986156325746467,35.29519314101893
101841,control,38.25358474472442,23.208650034778028
101842,treatment,50.219710270550515,71.68278478392384
101843,control,67.57908055401785,55.32036529304678
101844,control,20.052536598109263,24.397781219289328
101845,treatment,23.794065004691216,24.011225606693912
101846,treatment,9.245429845305644,19.855054033640858
101847,control,50.65390450506541,67.79554813107421
101848,treatment,27.633883655869123,67.44033676947177
101849,treatment,42.308997799641666,55.59562785359212
101850,treatment,63.227563797834165,75.81347752535396
101851,control,37.16914558434307,63.083060485583715
101852,control,54.625640454867295,56.761485229355024
101853,treatment,44.01324184496556,67.7823979215188
101854,treatment,63.44228630192873,72.06419640100142
101855,control,59.50256134696018,59.03169473359673
101856,treatment,36.1613260765078,45.75557081347932
101857,control,46.62696493199095,23.375142104864675
101858,treatment,70.8748679544099,71.02052554737053
101859,treatment,57.86753740508194,36.97879292294395
101860,treatment,22.06075884497737,9.045279190193416
101861,treatment,63.112361223427655,63.88581613939528
101862,control,28.307787551275236,18.992966144058723
101863,treatment,78.25026139922012,72.5935899652276
101864,control,70.4819767968205,67.19279915294788
101865,treatment,55.797709518368016,58.26980074553494
101866,treatment,53.14465686872387,41.89809066132689
101867,control,45.8193548794516,58.75296661799011
101868,control,63.57047902800056,58.99738805163398
101869,control,42.584436610758765,50.27321025352686
101870,control,54.71139741279788,37.70613967354902
101871,control,67.43868733038903,60.71996366183213
101872,treatment,38.76386912948821,57.58874343579547
101873,treatment,37.67614520018611,55.091352606756644
101874,treatment,26.11269038551082,23.037326983386016
101875,treatment,28.710545077476553,28.3158523182303
101876,treatment,13.432093771169953,10.99497426688491
101877,control,64.59657578031059,52.26390513979063
101878,treatment,86.17829084165541,60.12579423078049
101879,treatment,78.50657886940611,71.05203917414352
101880,treatment,17.47831022746967,35.48436640599022
101881,treatment,64.497093431124,51.98754685505942
101882,treatment,78.44212699847112,71.63298679314586
101883,treatment,40.86380038522672,41.73093053352846
101884,treatment,52.02894861300099,66.97962029702472
101885,control,9.842138983906594,11.791004717621451
101886,treatment,55.33472335953283,47.89164866483607
101887,control,28.72880541130565,22.854796511639943
101888,control,53.99270035823029,37.94668874819216
101889,treatment,18.775941556222392,35.08241559174942
101890,control,60.85716448955192,56.35552553451222
101891,treatment,70.4902535085338,67.59275642383419
101892,control,34.33640276569665,55.11421962497677
101893,treatment,27.26154837179131,52.06793291418117
101894,control,6.879539149000379,0.0
101895,treatment,44.67172931849646,56.073844167350835
101896,control,38.3681213143679,44.26111923346629
101897,control,18.979611753038906,20.6284338589493
101898,control,59.06037512624343,61.13012906752586
101899,treatment,41.00059236270702,21.912540732103647
101900,treatment,28.48528082709535,54.71290010041773
101901,treatment,38.90855188719106,49.993484015158145
101902,control,71.42609077859231,54.62407774533856
101903,control,62.058738875104446,51.29980484688025
101904,control,47.3994787700302,25.51909897444926
101905,treatment,62.38210036929705,56.63331125011027
101906,treatment,26.78176087226522,27.700376845813544
101907,control,50.64740201454061,32.955988790715494
101908,treatment,52.94644660972941,63.98463972301927
101909,treatment,40.60326983002546,61.34289156550781
101910,control,58.70916671914836,56.169929777328534
101911,control,34.39133090711098,34.250169975265315
101912,control,60.19641415552236,63.40161602355729
101913,control,61.03717543062584,58.01808251912333
101914,control,0.0,0.0
101915,treatment,73.80611407020236,60.720467359070554
101916,control,0.0,8.578520232498228
101917,treatment,37.67901948887749,45.542464655284995
101918,treatment,70.5069606851551,67.00373368167985
101919,treatment,43.65426549495119,49.52362443575718
101920,treatment,20.67628035060916,9.335632083349815
101921,control,28.125258765666587,42.39394766703059
101922,control,70.53811492641239,65.44877409277912
101923,control,11.569909389027238,54.94659867569153
101924,treatment,72.57982201924034,63.306945798890546
101925,treatment,48.89795801915421,54.952422201918665
101926,control,26.15209339115133,69.54112158187453
101927,control,38.337698553946176,43.82086483158312
101928,treatment,29.655513177967173,35.34696694368775
101929,control,67.32450401717057,49.937628528103495
101930,treatment,64.64855619525676,82.70348086993802
101931,control,15.616777322479066,8.879110285440765
101932,control,41.92815762961332,49.59639685088013
101933,control,32.736286753114456,30.787667003769524
101934,control,75.8701993691874,66.8979662021512
101935,control,22.99801763747158,10.911659895392496
101936,treatment,82.08458209370028,93.33133960942017
101937,control,49.334105209661246,45.82566597552848
101938,treatment,26.76131187239825,17.996858613912337
101939,control,36.454516319814445,56.41242618724637
101940,control,33.96762318463099,31.30661421822639
101941,control,24.50763195968988,35.30716237370905
101942,control,51.89653719460751,62.55329537687175
101943,control,25.441688986163133,37.85215149765551
101944,control,6.392675825236225,0.0
101945,treatment,42.40647058303654,55.00355745362505
101946,treatment,13.942876071642345,23.126162081319737
101947,treatment,34.95678263864959,35.864946449260735
101948,control,31.817942227932882,34.92053072467217
101949,treatment,32.57567855948372,17.133027042479778
101950,treatment,90.01926203180307,84.05662877092703
101951,control,51.12823134339141,32.79697217856044
101952,control,54.907420179906644,49.89926120336109
101953,treatment,14.472034073154106,26.9212096779405
101954,treatment,36.92073732726156,55.8987281638223
101955,control,54.30605259883024,42.387076487799526
101956,control,29.50942174173987,53.83476226723655
101957,treatment,68.16125687035971,77.64663383713716
101958,control,25.946068281979397,26.278994265593326
101959,treatment,44.272677282696485,32.53713383588941
101960,treatment,38.27896720048883,23.609332615004575
101961,treatment,53.28641318763832,57.55977543563201
101962,treatment,37.19019856289148,32.13929639579486
101963,control,44.582127458581255,61.802594793977626
101964,treatment,45.277398164440285,38.96879330499132
101965,treatment,35.312244852173976,28.569426507578804
101966,treatment,59.70187736994225,61.86699415297608
101967,control,54.767767496748505,44.500278763654954
101968,control,48.227721094936655,48.783896602028015
101969,control,41.39083333076084,56.58653781156078
101970,control,65.93088061039994,63.49895874758872
101971,treatment,45.28331512371637,49.562695745269544
101972,treatment,43.86605424348126,49.613376552886116
101973,treatment,52.093800597762524,30.672756081773322
101974,treatment,83.931733659417,82.13232644757873
101975,control,23.192875839575922,32.010352773697775
101976,control,65.3971378611071,73.3597747633926
101977,control,12.136576775237899,29.61655618825654
101978,control,54.34546316457248,50.58756808923941
101979,control,81.50165655217461,87.28351664537182
101980,control,59.77337048934614,53.4588876076766
101981,control,53.412501570795854,55.82895733885947
101982,treatment,38.79101062393849,38.977137899815084
101983,control,50.62094400977109,56.57418959617779
101984,control,44.958743691932874,41.23856608886825
101985,control,34.2804678413729,60.0054100280483
101986,treatment,44.2024876905026,73.83906630241488
101987,treatment,53.96762321252879,66.0368338184072
101988,control,34.65565862938719,58.88118212667352
101989,control,33.874363586306316,17.543879036017604
101990,treatment,22.795131248156512,12.293288297178155
101991,treatment,57.81450052177792,53.107028937577425
101992,treatment,60.90646523934121,60.22528333145657
101993,treatment,54.63320888473035,52.35286898204817
101994,treatment,69.30340985457332,44.25414994262116
101995,treatment,51.757352741614554,68.05214089029539
101996,control,57.840218747315134,84.37752806147205
101997,treatment,56.07674851275126,73.00343554270621
101998,control,48.16919961163584,62.987022766641516
101999,treatment,39.383563437407055,46.528953786912226
102000,control,94.28305231583822,72.06048224275203
102001,control,40.96098040292983,44.180191253950234
102002,treatment,36.68244577759127,69.36614587837008
102003,treatment,58.68019646900214,53.35378230102813
102004,control,55.0370883059001,47.759297554882416
102005,treatment,21.904169047793452,45.07637732494908
102006,control,72.45356509127477,82.36658085614799
102007,control,48.11610849298334,37.3703947983239
102008,treatment,27.78137809568559,31.37691728028355
102009,control,73.77568228707747,61.19217609624938
102010,control,62.51351143192308,60.307037404033096
102011,treatment,24.709160161041716,47.13227240415341
102012,control,85.54365680515448,66.02145826308256
102013,control,63.17594736732386,74.29687105347702
102014,control,49.79607768749908,51.19177789114884
102015,treatment,81.80437611243559,106.1259115565349
102016,control,53.18595567659281,56.60720290910522
102017,control,49.43833849791936,48.29664171012386
102018,treatment,36.79399767956022,49.19825947344649
102019,control,61.63700878614157,54.26773108505328
102020,control,59.5320593464796,33.39981341072412
102021,treatment,50.29360279779423,48.538406037512914
102022,treatment,34.20027292264794,36.259758930924065
102023,control,52.59859708332148,30.884567768087592
102024,treatment,48.604024284757244,49.48685346780478
102025,treatment,23.33051362531598,4.15258728461032
102026,control,20.563752973516287,23.32335023037468
102027,treatment,61.30306757619539,63.199772758757895
102028,treatment,0.0,15.283138814158658
102029,treatment,54.1082105392252,49.143219920274255
102030,treatment,40.43833884492351,43.19729326824267
102031,treatment,76.1649321375982,60.75150153611819
102032,treatment,40.130635816922485,44.2410659649085
102033,treatment,63.18968428503792,62.160674145754484
102034,treatment,42.06172317524417,33.637104584839186
102035,treatment,52.27496306972287,56.747549855881594
102036,treatment,64.73673061840103,66.0112414886029
102037,treatment,40.7488856735084,42.362913771286046
102038,control,69.93109768996808,96.97576511950052
102039,control,30.126042457870337,33.23321422320311
102040,treatment,55.89185685116758,52.224970784426716
102041,control,68.45279445575706,58.25186022946276
102042,treatment,63.2007498358067,48.556243764762925
102043,treatment,88.3288975347082,89.32024234633829
102044,treatment,34.73121365378679,30.970216163582286
102045,control,22.41701497302824,21.799513457091134
102046,treatment,30.11329783009761,29.46470681347973
102047,control,63.20885133096874,46.87706050632273
102048,treatment,59.95845868538757,35.80418889972291
102049,control,52.04513319294831,45.40973109230872
102050,treatment,27.5408590178574,46.208784506430796
102051,treatment,65.33734586658122,65.6088072927505
102052,treatment,25.50590444698919,53.77389867081794
102053,treatment,73.178991647538,78.81846187804027
102054,control,107.1487684627973,99.79297926576929
102055,control,57.32902293143101,80.40187279836272
102056,control,61.66216271315486,57.46150660814667
102057,treatment,40.14280462208881,44.94151619592665
102058,treatment,13.795733578263672,24.19514014050822
102059,control,37.94561273939556,61.38158839471164
102060,control,28.142095178025013,33.63984589261567
102061,control,21.059908471699686,19.71902779178472
102062,treatment,84.44719883991299,85.10961575516376
102063,control,55.45725036051546,43.29483544401926
102064,control,57.593751612279675,62.75247847877927
102065,control,43.81955269607501,50.83926549244603
102066,control,46.542578351131276,44.90137198000762
102067,control,69.29101364478666,71.9532437769112
102068,control,49.35325762609569,29.833332426061684
102069,treatment,60.61387876049466,61.61619530111823
102070,treatment,46.079914043099684,42.43812491633819
102071,control,43.15694218535906,82.73189470008401
102072,treatment,21.861716687962762,32.45765942745862
102073,control,10.44501875265744,12.444238826377944
102074,treatment,44.76876197867196,29.34335335797876
102075,treatment,51.129933839864655,69.61635116309984
102076,control,24.277399265824183,26.07755181639044
102077,treatment,49.31050269930734,40.51427317958819
102078,treatment,51.07505125981004,56.755108876729835
102079,treatment,6.879839878812419,27.75485215918362
102080,control,31.697506810409976,44.659539128769254
102081,control,58.14527787470937,56.37023194454896
102082,control,57.74117458791488,57.91176850781911
102083,treatment,26.92650167200479,37.26443823999266
102084,treatment,53.168961009994696,58.32682506162014
102085,control,70.44814450720943,70.95681120094848
102086,treatment,65.54145917981796,77.63434339318795
102087,control,48.094284259721306,49.31701167063309
102088,control,40.640473733514156,32.17506374287302
102089,treatment,37.413110313309915,40.15103292166623
102090,treatment,59.356395658193144,68.48887969076215
102091,treatment,53.90207946285776,30.793016156392067
102092,treatment,62.588080122044005,37.383922813600435
102093,treatment,52.63747626242304,65.62575845728253
102094,treatment,66.37527900694883,83.89079393352962
102095,control,51.891850659154,34.68186473730681
102096,treatment,65.69377432263373,64.59928197954892
102097,treatment,67.41645540733278,59.27685652385137
102098,control,33.909467395503725,34.48164248948579
102099,control,13.837119062585082,26.919634631879678
102100,control,80.86985712029107,56.04932732301048
102101,control,55.133174614245235,39.20277019287678
102102,treatment,15.71028209007757,21.79753313897779
102103,control,35.72361005562578,37.369569148092964
102104,treatment,65.43748584739657,48.1831284002286
102105,control,44.40646337734214,56.25090438726956
102106,control,39.758771613617455,36.79526624992348
102107,control,78.01763720625934,65.4331054832871
102108,control,29.05425707232379,38.029917128416294
102109,treatment,34.03693284490332,37.82240343161418
102110,control,54.22772950096535,64.24957400438277
102111,control,57.80909864107765,43.508804464991485
102112,control,59.92686068681463,38.95945840888711
102113,control,68.22476089137893,59.57046640317584
102114,treatment,53.97157241363034,55.27552897780438
102115,treatment,59.78767877876818,42.427100755040144
102116,control,44.81581481369834,27.75360708375867
102117,treatment,51.253966064734286,54.85204753167517
102118,control,52.150683601072686,41.58851805344037
102119,treatment,54.30196271638072,35.511548139246855
102120,treatment,65.45079615165521,75.85836206256499
102121,control,61.102913638896624,49.96932730807008
102122,treatment,50.88434005800366,67.37383283552299
102123,treatment,33.8174803011792,39.739743390408464
102124,control,51.353425161254194,54.91436209959427
102125,treatment,49.43964430208512,48.28185457393596
102126,treatment,53.863631596263964,19.273228749218084
102127,control,94.13050614280804,68.05960786157677
102128,treatment,39.52454442917529,41.98042848256129
102129,treatment,58.445780382507195,62.659248252758545
102130,treatment,71.36924134488596,43.85176905310642
102131,treatment,51.96003828198766,52.26094476725516
102132,treatment,96.7569023834433,71.72151838704633
102133,treatment,42.439214165370466,48.93314367096857
102134,treatment,56.481784446400944,56.10469006379573
102135,control,34.02388510214036,47.85351552363861
102136,control,42.969505297134134,58.83986980393758
102137,treatment,54.97867820793316,61.305874294798194
102138,treatment,66.9260812461546,75.57649826486828
102139,control,56.381896680471485,50.15182718536806
102140,treatment,75.18229698669472,107.73305570076766
102141,treatment,48.100693788146565,33.95205922860046
102142,treatment,43.35662940321989,39.53591934578742
102143,control,104.07970214558773,102.48362986940037
102144,treatment,57.88475298884062,67.37113163764157
102145,control,35.610369080429045,45.65532749229355
102146,control,36.11472475503862,48.51966969013719
102147,treatment,31.14640170937319,9.796930914645191
102148,treatment,68.73138711713575,86.57298586158541
102149,control,42.712454142135165,41.83711674792356
102150,treatment,52.547249513129714,69.89206796580154
102151,treatment,48.72982651123463,23.646341821480167
102152,control,64.62984815881869,64.36646839143023
102153,control,33.0651181423196,29.84440413756286
102154,treatment,28.48855427713969,42.934853913518296
102155,treatment,54.485946143631885,59.058907434320375
102156,control,62.01918569399794,63.85674647122724
102157,treatment,56.650646261952815,42.47950289656751
102158,treatment,33.81092541805344,38.604563433059894
102159,treatment,63.549696841827874,59.27888661502245
102160,treatment,35.12278145808732,46.89442205471997
102161,control,39.56922710427233,55.26408944170602
102162,control,31.120929505559957,37.831306468859694
102163,control,76.02316697304062,52.635202704038306
102164,treatment,62.66843082054699,62.424456997680466
102165,treatment,62.099867513577465,95.11619240820005
102166,treatment,74.94422842284901,91.98277507662293
102167,control,106.25298496477447,52.84213100960022
102168,treatment,15.81547792179689,26.699559601023175
102169,control,35.23246838245784,51.25513356690953
102170,control,37.67649831650952,38.34541407466103
102171,control,32.98360755234614,31.151274888361637
102172,treatment,28.44833504792575,31.80464667562197
102173,control,44.006938718892684,52.809984314393574
102174,treatment,25.667925694211903,18.058114568553947
102175,treatment,56.70084735074826,72.25050830527667
102176,treatment,51.03396642857229,51.534757165451246
102177,control,59.620573295273104,44.846221475915584
102178,treatment,60.15456903276505,73.9896813426552
102179,treatment,62.06013706853353,40.104942211572435
102180,control,42.53182126352235,37.05412673735057
102181,treatment,92.42286805267335,75.75460077209921
102182,treatment,54.68862232964196,83.37815271690448
102183,control,12.750304947504098,13.000755726956672
102184,treatment,29.95248508467565,7.956853526322998
102185,control,15.189940219443685,16.195764644347843
102186,control,50.34669258302615,56.28638408178022
102187,treatment,47.56389551893333,60.045385224745274
102188,control,40.63148604201084,73.08940392459212
102189,control,90.21852224801029,98.77539715085513
102190,control,60.97965748153822,60.72072535730202
102191,control,64.52196722892668,49.0991572114989
102192,control,31.378530241157936,57.517761209329116
102193,treatment,30.017102173379755,31.63718914760358
102194,control,50.736109981939094,41.84548063344714
102195,control,53.46014279304452,47.07773930048427
102196,treatment,12.873768657710862,7.089110243823143
102197,treatment,46.39385954300932,42.64375707782207
102198,control,50.2814416574701,47.12734789480022
102199,control,45.69701668457742,56.43844087726014
102200,control,33.73219175306647,32.66521770778788
102201,control,39.2092963615772,25.140062517106983
102202,control,46.46281612854408,26.131200684311565
102203,treatment,51.816000472200955,55.63434752549451
102204,treatment,62.09583165101136,61.532623473425446
102205,control,71.61712409901742,58.87997516210303
102206,treatment,44.11304552945501,40.90091643102871
102207,control,40.87687607769284,48.29685611719396
102208,control,58.753113470686124,74.96003297198732
102209,control,62.216898328217084,48.84233096456833
102210,control,41.315991334822286,44.66306747848842
102211,treatment,65.80786953932345,76.03262804324999
102212,control,69.59170682311947,54.42675311321291
102213,treatment,75.83372931317346,70.6685035468772
102214,control,85.56641813439646,76.17217901737793
102215,treatment,32.67167722681123,21.156952483562716
102216,treatment,50.27796418665022,53.937502675807416
102217,control,50.2255539323732,50.58646232315383
102218,control,48.03852862934985,55.87197087761275
102219,treatment,37.014741607797276,26.06002397375591
102220,treatment,20.28875993537857,29.348465750917452
102221,control,51.85358892058007,69.66881524273485
102222,treatment,34.63288680904175,67.45740462687331
102223,control,51.7198696149525,68.22442066978333
102224,control,34.11912916602293,22.518154478062698
102225,treatment,28.00683308311317,40.9719909367155
102226,control,54.685967207537956,47.123046984954804
102227,control,53.01843053612992,56.019474734524955
102228,control,61.58563942641866,48.47376276113762
102229,control,93.71727532835251,60.12083346998899
102230,control,55.545790624216934,49.60180828829053
102231,control,59.70163534128259,66.83536166563573
102232,treatment,28.448773422653492,39.14645872014571
102233,treatment,24.26185118927251,37.52688753524974
102234,control,81.65658893546667,76.60448745495968
102235,control,31.530404401333925,41.49919878567388
102236,treatment,29.121118570627157,42.84562108210916
102237,control,49.21802157566894,45.779822427842824
102238,control,48.196151732452236,49.74365285709333
102239,treatment,31.949869871134165,61.02354305752968
102240,control,43.900535625738,47.30429562526158
102241,treatment,74.58751435300209,70.50369789748379
102242,treatment,33.88012782336405,40.77112996693544
102243,treatment,22.126550312676567,27.71225399437102
102244,control,68.85187241799585,58.37968625452636
102245,control,59.84593823876074,60.145011076224876
102246,control,37.58962758702677,34.00223739722648
102247,treatment,18.356659677461643,25.842513180877162
102248,treatment,35.10753287122874,29.873123047382737
102249,treatment,48.90591126301457,52.108295314546545
102250,control,73.31344179767638,75.21325404561243
102251,treatment,29.26836050260686,33.14790028473828
102252,treatment,48.30960236977053,23.663852364759098
102253,treatment,63.50289319789796,69.43705133192343
102254,treatment,2.374653197561585,17.37087269592327
102255,control,70.67572335877799,52.367575463765014
102256,control,26.350988555871254,42.49264520407361
102257,treatment,56.63990986913869,37.98050586075543
102258,control,54.93366299221488,67.52969008836925
102259,control,71.6917278292769,65.5099068262429
102260,control,61.018487617870804,28.24960197436194
102261,control,2.4541901654003766,16.699721320566873
102262,treatment,34.304415056880174,34.35489134055501
102263,control,52.7641025870656,44.706653220766945
102264,control,46.10040227760426,37.31610720530863
102265,treatment,59.55221459513541,56.98125421907342
102266,treatment,65.7873311133941,56.92205538848726
102267,control,62.16903472859358,34.565072820662664
102268,control,45.7145011489107,63.61375225637991
102269,control,13.073259777590394,19.072396890044715
102270,control,40.890375022903655,33.48519112780776
102271,control,58.327362962779105,41.31788003443111
102272,control,28.19105494899045,43.83911810145828
102273,treatment,62.62549460243153,43.7924805289971
102274,treatment,68.1678659453461,66.89838485679319
102275,treatment,52.53733952591685,45.6820540848948
102276,control,0.0,5.549351221040487
102277,control,24.438232745763933,16.22995417973639
102278,treatment,87.72378317112162,71.58678261897609
102279,treatment,39.06924413943244,43.41851008648875
102280,treatment,10.317135537420079,24.850739809926935
102281,control,74.70494776620545,58.13629913806946
102282,control,50.26711183087346,48.99738480080678
102283,treatment,72.09880977915451,79.82725471217157
102284,treatment,55.53917350438731,33.6598717064833
102285,control,59.17118272424338,56.79545631768408
102286,treatment,57.26018495429033,44.36744936528292
102287,treatment,63.94976623842,48.03662203624371
102288,treatment,95.54860897112196,89.11431449192986
102289,control,69.42012671918377,57.35209609895239
102290,treatment,18.3932136430893,11.698117899596934
102291,treatment,58.933230305578064,75.7185426873834
102292,control,72.82961536206436,79.29385171574937
102293,treatment,74.05401613072291,43.97850701096624
102294,treatment,41.46790033881801,25.5960744904536
102295,treatment,73.29888890376256,76.8248658003317
102296,control,68.5548479910241,60.14760940703368
102297,treatment,101.4503487393946,109.93849821780799
102298,control,34.999965275029766,46.903338128755856
102299,control,39.8519884719915,46.35054786577042
102300,control,43.87761903080092,31.89024148997498
102301,control,40.19555699922449,49.14781177165659
102302,control,32.199585004727936,19.77291797409598
102303,control,0.0,29.766762177647898
102304,treatment,41.30601052553732,50.563876520882836
102305,control,57.38716119399809,44.62888799618575
102306,treatment,40.135563089881785,54.74655411973711
102307,control,88.7076236705822,108.6833048240185
102308,treatment,50.26751625431725,48.821833555083295
102309,treatment,75.82058110368271,78.14671791902694
102310,treatment,55.228408254599366,49.708741247306534
102311,treatment,66.52814619786515,65.0252133567289
102312,treatment,55.58483107867124,35.749784242578116
102313,control,77.37569263807126,70.5247646732916
102314,control,51.11878700264801,51.41556413964618
102315,control,59.92241416177571,81.24031425477817
102316,control,57.32665867300088,31.749334810751115
102317,control,44.23429083745362,41.959979227136394
102318,control,58.09964637849353,73.11492387327682
102319,treatment,94.68772492395364,81.8174574330272
102320,treatment,44.59206115809116,45.177410440894
102321,treatment,58.38929785706497,46.76899260510665
102322,treatment,75.15557901738886,58.02947472536124
102323,control,72.8050656188856,42.9500242403378
102324,control,50.23432835438731,41.85201093380872
102325,treatment,2.3322259408527657,2.6612322847831713
102326,treatment,60.33405637296933,60.81204927425069
102327,control,5.61051482753895,6.288015224421827
102328,control,79.39874461882462,65.70466607678425
102329,control,53.38947742386521,46.559993010134995
102330,control,69.99348039743978,64.35794482711775
102331,control,31.957777236378977,29.47664066323462
102332,control,18.949850533998912,12.666278202892622
102333,treatment,55.215087682823345,56.54589916971921
102334,treatment,49.32793120087716,65.11742399551557
102335,treatment,40.16918347685669,45.82633563734712
102336,treatment,51.693225614655276,44.702753091072374
102337,treatment,105.34871784064521,91.38246456683716
102338,control,66.69051094738116,35.390561507121745
102339,treatment,70.98997211726638,65.3983540511575
102340,control,66.87873783106711,57.36286288874256
102341,treatment,79.58924287704386,61.343412327670144
102342,control,46.1985665419851,37.199598897829716
102343,treatment,8.904773846494123,15.251688033408346
102344,treatment,46.2282773398798,61.80019692951523
102345,control,66.23471419993004,76.6226370472359
102346,control,30.603992097698526,23.175052258155837
102347,control,46.47268099021339,40.500991295202
102348,treatment,36.164605139953736,34.607101228397774
102349,treatment,80.04058503686261,84.73971932331297
102350,control,64.98914030813127,63.1667259930664
102351,treatment,63.03081241287918,62.50060381333958
102352,control,62.43202626241943,66.41810725948476
102353,control,49.25501494895746,41.551453425519476
102354,control,53.95112565055007,71.00586769911575
102355,treatment,26.296308389353648,33.69915164373096
102356,control,6.271160424988651,5.880712935397712
102357,control,53.00162260690048,49.21336207466873
102358,control,56.47980512544289,71.15673373863507
102359,treatment,74.18529136850755,64.01486670804134
102360,treatment,81.42671632164735,87.63150620000786
102361,treatment,81.39996969997894,66.7774300195143
102362,treatment,30.039528134122445,26.400867452676238
102363,treatment,42.95469930100462,54.94167804502675
102364,control,59.60668591762759,45.643444197405955
102365,treatment,100.63809355484355,100.35975489247618
102366,control,79.60198407427832,76.85306279531085
102367,control,72.3879432399676,55.23439594269716
102368,control,42.244240889014186,43.23808199881533
102369,control,32.33600737689751,29.492404039040956
102370,treatment,65.77815766766479,67.95014416243843
102371,treatment,27.986774715312798,59.963304444565765
102372,treatment,45.231272980393946,43.01949378976008
102373,control,47.70444101996155,55.339527146852745
102374,treatment,81.85824178245616,75.71700063551758
102375,treatment,42.90605394080645,46.497793952707895
102376,control,1.215007228547691,11.225797097560703
102377,treatment,60.08889295324937,47.724103050865644
102378,treatment,36.01956293792147,45.448157004461976
102379,control,50.85262048875494,46.81977104952467
102380,treatment,48.26590598315752,38.230049448352716
102381,treatment,44.525920083644635,60.810691253933925
102382,control,65.80681163569407,63.164882922134225
102383,control,19.342702432945856,23.989561247492684
102384,treatment,39.659715500912796,61.47206935251357
102385,treatment,63.680758262347624,37.471493047471135
102386,treatment,37.71830449311263,59.12656492091708
102387,treatment,17.823865814600566,15.724107258898425
102388,treatment,63.37110686513472,64.3266426163082
102389,treatment,72.46189260883078,60.5670672143509
102390,treatment,49.100095847139876,38.6149158209
102391,treatment,10.783088030609349,39.46840101631244
102392,control,64.11939493397632,85.14498328451168
102393,treatment,16.80224237160624,23.67514150244864
102394,treatment,56.17598553696332,60.569902318520285
102395,treatment,32.250723505156806,38.941966022893965
102396,treatment,26.803214284660694,56.99486438215829
102397,treatment,41.161799658406196,16.916996909670065
102398,control,46.334048871454804,52.23941084946048
102399,control,37.11583499227103,30.717899249423898
102400,control,61.774065564303015,27.66407468008538
102401,control,41.07861243082333,38.5395944333592
102402,control,69.60381743343643,89.15025063239196
102403,control,55.62346331286959,45.538882456528576
102404,control,36.048855868073844,49.99748627974525
102405,control,32.681202323354285,52.86784442710109
102406,treatment,17.050074019051223,26.619592603403767
102407,treatment,55.814663557336445,57.454475719686194
102408,control,42.90824905497284,21.976699609186845
102409,control,2.556089438729714,4.943109679416727
102410,control,39.28570254461199,53.96285996454233
102411,control,31.97931941490096,37.287198563875904
102412,control,81.51355184341321,78.4946343840998
102413,control,15.944427762133806,26.21983002672345
102414,control,21.172984005318924,57.37722455139438
102415,treatment,72.199392862114,62.45430260755276
102416,treatment,77.13526314927927,93.08902599209591
102417,treatment,35.10034122548717,42.09133754503943
102418,control,37.358283543821784,62.930858448873494
102419,control,62.32470793106626,43.03859401989895
102420,treatment,3.4580040610937957,19.03622214797195
102421,control,12.77612630988888,16.874108108845046
102422,treatment,44.38533198298576,49.134044564401734
102423,treatment,80.99781132258252,90.91887648975262
102424,treatment,41.28539823666521,49.97522872759713
102425,control,52.018735834703094,67.65819738672384
102426,treatment,72.67578545128023,59.64064740729675
102427,control,92.13769466556292,70.71819427525973
102428,control,38.463030537033745,41.56032299461388
102429,control,49.66326552533148,49.236128885730025
102430,treatment,86.44110442685685,76.37213997644142
102431,treatment,19.556014496171432,15.985505147021941
102432,control,70.55162141107644,81.27038613510878
102433,control,29.633689352774834,29.925382018185843
102434,treatment,52.04944734206313,71.90232581417101
102435,treatment,45.14761905199452,48.02929316497595
102436,control,30.839767985975413,44.20773445864891
102437,control,30.3379614468345,42.631276180448516
102438,treatment,55.52828728507509,44.742085589002855
102439,treatment,69.91078656325364,71.29072797806145
102440,treatment,47.405275936229934,75.06340403213689
102441,control,51.40226317466433,54.38021462359917
102442,control,61.423481325820944,70.49038157097586
102443,control,30.5676245397408,44.596842863575304
102444,control,64.79385016825846,65.15727280709933
102445,treatment,66.38686194119494,66.25702801542566
102446,control,102.0725259750082,96.2946987718123
102447,treatment,42.47791618880835,55.95571613185912
102448,treatment,40.838363966637445,26.741323841391623
102449,treatment,65.3793174314749,66.3059977888912
102450,treatment,66.38208337824277,61.35144106205605
102451,treatment,39.29825693246576,38.294279399806875
102452,control,41.936746461399025,61.09655712058854
102453,control,60.82261676436081,48.41834933818548
102454,control,33.44831518530677,19.135176039242506
102455,treatment,41.789320239699705,55.86832641252474
102456,treatment,51.791855347368696,34.05384696949881
102457,control,69.91877369644516,39.43479064150001
102458,control,37.90802767640918,52.94627291524968
102459,control,13.152310759386559,24.46393108214405
102460,control,11.66805064963578,27.504530856611353
102461,treatment,24.811738665877332,26.75603731928644
102462,control,23.736645636001256,11.988512538248838
102463,treatment,46.907784827601816,33.49434824533851
102464,treatment,26.2223969280479,30.066077008398192
102465,control,35.94490080357592,22.626367954986982
102466,control,34.518282300359004,42.45063988218041
102467,treatment,41.189842783040135,38.774638607946144
102468,treatment,76.45008663046245,73.78536179740166
102469,control,63.238951788610336,61.981630659779235
102470,control,50.32258830552008,55.358818370329516
102471,treatment,40.779474388383235,51.192138548431046
102472,treatment,41.33534686753958,40.452132956004306
102473,treatment,56.55492939903899,58.84988169123948
102474,treatment,61.683381467045805,63.384630176232235
102475,treatment,31.84764987798799,5.75453880991175
102476,control,50.72961511228463,59.09994303293726
102477,treatment,9.367608626739461,23.009255281222764
102478,control,54.23427568341194,60.63737188617231
102479,treatment,65.24298483917372,45.90889798043196
102480,treatment,44.39862746238249,43.12168413586222
102481,treatment,86.3305399228021,64.30832748823155
102482,treatment,32.37523105127899,48.131573625137804
102483,treatment,54.34880830606522,36.173661562667604
102484,treatment,49.28350506668089,38.677680766023755
102485,treatment,47.99404665113183,57.063846515328514
102486,treatment,47.71355663990505,41.459325010312824
102487,control,52.14210060018944,39.325121463243235
102488,control,66.959174869274,74.71415174932388
102489,treatment,77.55472472549488,84.70309165669245
102490,treatment,49.95499510991685,61.01835035417423
102491,treatment,66.30632144343267,74.95711474527816
102492,treatment,35.96466107466435,37.90998990166948
102493,control,65.31910905452466,58.782821136496345
102494,control,34.76016952346019,29.996817680811667
102495,treatment,71.81319872176265,70.07874736826358
102496,control,94.21281754786479,76.17617470274276
102497,treatment,47.55832224057217,43.93981426988378
102498,treatment,6.149130183851824,26.54778443648124
102499,treatment,39.03854133510354,58.94888731046331
102500,control,74.63750268578607,73.74661496373966
102501,treatment,61.061535740504894,83.53271957002627
102502,control,54.97827197350059,44.4006102317148
102503,control,70.17336711909678,40.815906282365766
102504,control,59.68906878496844,66.72043996775075
102505,control,74.35450374902273,58.05547964257339
102506,treatment,68.38847353293971,61.67074711217791
102507,treatment,80.43400905473918,50.91329960620188
102508,control,57.175921678125086,43.48650780440414
102509,treatment,68.10518802987909,45.20629023775088
102510,treatment,43.85745853828429,41.14780176074373
102511,treatment,37.970783768819885,37.25866216549837
102512,treatment,84.13535280837947,78.29157899027251
102513,treatment,54.32409352645376,71.14306343633825
102514,control,66.09761131724758,71.02783667704188
102515,control,52.474800288227804,30.396813007305603
102516,control,38.269686981600714,49.24555341580165
102517,treatment,50.21965785164802,53.14311907510286
102518,treatment,78.71988035535429,71.74578821243433
102519,control,61.10480148558848,58.02831455873153
102520,control,15.770536805390819,27.033876877996388
102521,treatment,45.6951108684769,39.11853122919562
102522,control,85.64587585409424,74.32213178872283
102523,treatment,45.72406276300088,63.955089518538074
102524,treatment,13.990426165316386,15.181021363938266
102525,control,87.86097770845087,64.77159596526357
102526,control,63.64785019625585,59.41957616449409
102527,control,48.599742823743995,33.99381869176422
102528,control,42.57164527835863,21.638455447430154
102529,treatment,71.64703859583472,63.17840652005397
102530,treatment,39.16033199547615,62.5337152482164
102531,control,72.96512849031977,66.71316218134606
102532,treatment,60.84390571448512,61.995282194676165
102533,control,54.893638509747,25.491014825608122
102534,control,52.910296106711904,57.9785775602162
102535,treatment,46.50063926571644,50.11059369913261
102536,treatment,70.91280240418531,58.388605412981946
102537,treatment,32.693143357963315,40.901701372325626
102538,control,17.561497463395817,27.921620555727365
102539,treatment,62.28880245784949,46.70089396583654
102540,control,62.62476656134295,63.858587084555296
102541,treatment,59.60482305023533,74.54023035604192
102542,treatment,58.154567392360775,54.600543256370315
102543,treatment,43.589192433249046,35.2147018320867
102544,control,65.74965408771051,59.46307705329856
102545,control,49.08883746490918,60.62209800515594
102546,treatment,40.257728783696436,27.970623203502498
102547,control,43.762173754892004,52.975236674696475
102548,treatment,90.41279397551664,72.84030726888092
102549,treatment,15.300478359091343,28.677552343922383
102550,treatment,59.99576208591598,51.53142051030423
102551,control,16.41779144752566,17.312414324129783
102552,treatment,47.83533323354054,70.02515178267885
102553,control,41.32745029691625,24.855124251149586
102554,control,8.29943406640244,25.145366552739493
102555,treatment,57.78075180867526,80.23883300687207
102556,control,42.39923875615608,53.36803174576203
102557,treatment,8.015873148775121,2.4031464451959224
102558,treatment,66.79136181548505,47.13980480312499
102559,treatment,78.7001235597787,63.08202354137586
102560,treatment,79.80248684593144,75.94079045410449
102561,treatment,57.17912881302942,59.87328750532994
102562,control,50.92116277154231,33.86790794958307
102563,treatment,76.56313241791594,59.87685336379964
102564,control,83.64767170680196,64.50084951093476
102565,treatment,72.6713740575125,66.1124750204308
102566,control,31.16924795540398,62.131989007511976
102567,treatment,54.02689706429844,42.17526828651505
102568,control,58.79032288582857,43.66880482500227
102569,control,13.807660621655415,7.865708358756846
102570,control,59.38721319241548,65.4478743073322
102571,control,95.45983651958778,83.54797947590076
102572,control,62.798723316015824,47.74307966285407
102573,control,79.46826162883512,67.30186176447651
102574,control,53.6582946025741,42.273023869530746
102575,treatment,48.53563352032357,54.315998865937814
102576,control,57.62542780161951,91.23003548532725
102577,treatment,33.68346704031135,46.54985139812877
102578,control,30.72449625531223,34.31324976268788
102579,treatment,75.32609114338732,61.69776951830516
102580,control,77.44684685733037,52.81362250334219
102581,treatment,30.17787368825299,46.33920811006078
102582,treatment,69.35997609107729,75.00699310875746
102583,treatment,48.26080048787958,44.02966375049362
102584,control,56.796171489808614,71.14802849800473
102585,treatment,59.20437278870127,58.682498147664816
102586,control,69.88700936248637,75.16437817903
102587,control,51.654364037263775,55.15909106025904
102588,control,78.20323990603872,68.80914249741483
102589,treatment,56.1882567951985,43.50925653498795
102590,control,62.48368544939065,57.437495936785936
102591,treatment,33.33474816925507,50.140344432998084
102592,control,93.17318021409667,75.65788946804321
102593,control,59.396498464099324,62.8646057178069
102594,control,64.25994850690199,46.37171198316808
102595,control,17.836283775769168,36.196414659445665
102596,treatment,33.545959538417975,43.299294410336586
102597,treatment,74.75767375837461,54.16582473759834
102598,treatment,55.7378223658521,52.839933177865
102599,control,11.724405303421477,33.61510901260746
102600,control,70.76579857967639,48.918913959226046
102601,treatment,39.124343912945534,29.175917945074872
102602,control,78.22633971753424,70.25039649194387
102603,control,48.24328642792601,76.9037777058213
102604,treatment,54.094133720410596,45.67322855210389
102605,control,73.57909157183298,74.23617784757238
102606,control,32.05014058290675,39.978873415758045
102607,control,30.143063843321208,27.30868263735976
102608,treatment,46.07003159203785,50.684117577733716
102609,control,66.54345599242444,56.48329627242885
102610,treatment,23.38245494773019,26.803528748017882
102611,control,16.639308002218065,3.002919427679629
102612,control,66.47441854087585,62.03255290348162
102613,control,37.94043374865993,52.84921443107631
102614,treatment,42.15547974159434,46.376281400757016
102615,control,12.863791961196682,36.57390566050778
102616,treatment,36.420413712960354,48.99232078949924
102617,control,49.848654067376984,49.09883310410435
102618,control,68.60755715245784,55.64899358874964
102619,control,34.575396675307225,31.998883194277553
102620,treatment,83.14752240464993,56.907616731720694
102621,control,36.30887951640399,36.19853801912639
102622,treatment,36.338163968296506,43.18500501064694
102623,treatment,80.74715103795604,97.25325137111794
102624,treatment,54.22920304727835,61.66092322534454
102625,treatment,38.95950541976847,31.77868630567894
102626,treatment,46.89733737638813,30.1319505219978
102627,treatment,77.06147155084119,69.06367638550776
102628,control,79.32405639251364,82.73167654173594
102629,treatment,33.66413641459488,36.32962250068894
102630,treatment,49.151323798417835,58.03326955679995
102631,control,51.803136553351464,48.956287940882895
102632,treatment,30.27519778966805,46.19142254316442
102633,treatment,48.886298947000114,29.534986671840393
102634,control,50.10645720903401,71.30117764459011
102635,treatment,72.80418957873471,53.88636947567333
102636,control,74.14850056622402,78.61146718475256
102637,control,43.41581203281984,41.461203220883945
102638,control,45.720937122783766,45.258443745819896
102639,treatment,63.28584604111271,58.27490611173108
102640,control,38.29623102145977,44.60350409616537
102641,treatment,61.77280303474805,66.38208307720932
102642,control,48.241870252615705,62.6822094768927
102643,control,30.612028445227587,54.084434344140384
102644,treatment,30.86326574240707,41.537035768925
102645,control,78.94117392062205,94.37565976555231
102646,treatment,46.87157041713403,50.38358894817842
102647,control,82.80708187796623,88.85850766359758
102648,treatment,39.727274785701795,49.46688427262945
102649,treatment,55.82410402262987,48.60278364879037
102650,control,97.85353446036483,88.28765335307439
102651,control,28.852265106734414,40.795537103103804
102652,control,12.043710002004467,21.106841259641957
102653,treatment,75.73180262574466,76.26043033817648
102654,treatment,33.46381789213853,50.54553934003322
102655,control,49.585872717875326,49.38020693300983
102656,control,38.2816357909683,2.267253548008455
102657,treatment,55.363255619106326,77.72386898250052
102658,control,30.989275856285158,31.80519230887876
102659,treatment,46.40119824233388,37.90992506354742
102660,treatment,58.996306531130685,43.37664845582478
102661,control,29.83382227451476,30.424605769878315
102662,treatment,35.99831940708222,33.554285492783364
102663,control,43.052343328029366,35.039538719322366
102664,control,21.423691315474436,19.54408612284144
102665,treatment,41.548780344025076,52.16942411443547
102666,treatment,52.375930798058036,80.14113177840137
102667,treatment,42.00902116823143,56.36190778252503
102668,treatment,44.57247014136551,62.279930701589805
102669,control,49.60196658186829,44.70880950885553
102670,treatment,36.88513075135372,43.04844070415777
102671,treatment,63.82125131733754,67.50777038869445
102672,control,78.71956249603551,62.814541062884835
102673,control,40.71239215609103,37.40241465549354
102674,treatment,59.70396462955414,70.08263329282836
102675,treatment,45.20765689130706,62.32896009973198
102676,control,57.309746900770094,56.374064220323625
102677,treatment,81.3155906240651,59.17624957818096
102678,control,60.17319086036198,53.719578759579974
102679,control,14.531709223806388,4.331763223869171
102680,control,59.07991262893918,57.80476884378161
102681,treatment,74.65727486618019,73.37162173211681
102682,control,45.56807660003795,43.09489519313074
102683,control,69.91269612235665,68.13206100936443
102684,control,36.19768917696108,45.1633518821734
102685,treatment,20.289216809554524,32.61487804108715
102686,treatment,52.82338037665281,37.72278355184749
102687,control,14.870465585073717,20.302477082449784
102688,treatment,45.20457974212817,53.325147791989096
102689,control,75.73684525291006,90.18702763331231
102690,control,11.804741885074385,17.75631686277451
102691,treatment,24.41006408172204,39.59447897390487
102692,treatment,29.35935509676845,47.636374184008005
102693,control,48.7336028057808,46.44906215053153
102694,treatment,42.68566428707582,61.20625473306368
102695,control,77.98272763392174,86.8903106786205
102696,treatment,69.08696658183395,84.07599853595516
102697,treatment,59.90545892137196,64.99358175166725
102698,treatment,52.9126062868777,84.90613582802729
102699,control,57.864595539696545,47.759016143411614
102700,treatment,32.7603528937325,66.66916996247858
102701,treatment,67.14420707113224,74.5218022003907
102702,control,27.759114912815978,51.050993903061034
102703,control,66.70753987804461,58.29695336518896
102704,treatment,73.72285004237662,80.46348779441874
102705,control,54.217292041761745,72.04006285317274
102706,treatment,46.47573882076048,34.47240132942111
102707,control,58.006198166193464,53.84404500342285
102708,treatment,0.0,0.0
102709,control,56.04516436970923,52.17474974075838
102710,treatment,47.73292004320386,39.00491629397054
102711,treatment,48.98743773886018,47.859782574417665
102712,control,64.13065025795655,99.27415392580646
102713,treatment,48.504621568705446,73.1028705778293
102714,treatment,27.19586286697684,15.354796113060669
102715,control,47.17194658349244,55.2306866379465
102716,control,51.35110968161649,61.58219711639856
102717,treatment,52.29867823162026,48.75405037294732
102718,treatment,53.23838734570136,56.28757838342361
102719,control,70.78738089837107,69.24143710927196
102720,treatment,28.279308939317048,17.39548767826901
102721,control,53.514009123297,38.99230188890863
102722,control,75.79859397236481,71.62821682281049
102723,treatment,15.307770061256093,26.795799389596542
102724,control,53.59293361560107,43.321296545267174
102725,control,38.29242996053913,30.71071390292066
102726,treatment,42.5857923105379,44.75167639528348
102727,control,31.90384993571156,48.15056268006682
102728,control,46.608985685991115,46.444927620691
102729,treatment,86.8251122885381,100.58554532969957
102730,treatment,24.711392776455728,23.328703951122286
102731,treatment,26.607799950423452,36.51045251471023
102732,treatment,23.961308596729907,27.284093467266853
102733,control,84.54836573256202,83.68926652355782
102734,control,40.75320588957426,32.72546859663315
102735,treatment,49.487218793046516,76.61248976764452
102736,control,41.9443411778752,21.593555973704394
102737,control,31.11154243193817,58.527327290150666
102738,treatment,45.29698706771129,49.16317585141042
102739,treatment,99.1648721147312,95.68154439315441
102740,treatment,77.84141841948511,90.0351688746333
102741,control,32.941243644154554,48.55172785954214
102742,control,62.95148206123372,50.05626356847081
102743,control,33.36954454667247,45.46559704796533
102744,treatment,14.472647223075583,49.55884397469187
102745,control,70.3902183532926,53.55489771123824
102746,control,73.20185693287101,95.42556775409363
102747,control,70.92104502095799,70.79314805537949
102748,treatment,40.602695015608546,38.72095653396835
102749,treatment,46.66448531996028,37.18125618753336
102750,control,64.99531107316247,58.2926729555745
102751,control,57.829920746962145,30.00653952059187
102752,control,42.12725057405911,38.6022699384213
102753,control,17.618563597636708,22.235722197499612
102754,treatment,52.27750388284024,38.99497130830581
102755,control,71.58019278472227,76.07820661299952
102756,treatment,26.048234219316857,30.64216970081012
102757,treatment,62.775187633519536,52.670619475232975
102758,treatment,56.63083390267386,52.16936200079839
102759,treatment,65.00296526464668,67.44985426395618
102760,control,67.43950999438015,64.04825806373904
102761,control,36.11069516149294,30.309992579463078
102762,control,17.660811996701078,27.407848215937435
102763,treatment,39.32960948634241,42.826827208904916
102764,control,67.78254635054014,48.26321495136928
102765,control,39.159921929480575,38.05338309163482
102766,control,36.119133522847164,47.253275084715156
102767,control,13.572993161507235,30.248422627287425
102768,treatment,85.05295109101878,74.74757114849223
102769,treatment,66.5142728285062,72.83856716686887
102770,treatment,65.39791962549529,50.084847014461396
102771,treatment,69.35450773558948,53.461951716270384
102772,control,61.534167230868036,55.32683468042232
102773,control,45.11342289640942,66.14600501209942
102774,control,46.724717917555964,49.7031544629014
102775,treatment,41.4487127081575,41.44378727139023
102776,treatment,102.6948150883,111.44813702201071
102777,control,61.11824062598885,54.542841763818714
102778,treatment,40.72399117297131,74.10573534187367
102779,control,59.309935483325596,50.21881163927026
102780,control,29.78262164287365,21.453053172863523
102781,treatment,80.09013437178453,71.86683871346017
102782,treatment,36.7786180838572,38.28888851451744
102783,treatment,60.02170865244931,48.331150557341104
102784,treatment,71.31955259486269,101.91054608936584
102785,control,57.69537088409986,59.98656146062864
102786,treatment,51.88939983639276,59.058494468308425
102787,treatment,50.2160416971203,45.551942889934914
102788,treatment,48.871178062257854,43.011535886436874
102789,control,38.466030221449955,54.916384487154225
102790,treatment,41.010331404605914,22.588445718623596
102791,control,79.5918074730187,57.07517971849273
102792,control,47.82926734629687,45.10036649497959
102793,treatment,34.28407461234454,57.585731860219724
102794,treatment,39.67404806276983,38.801142185827736
102795,treatment,72.00741361394446,73.51072785175724
102796,treatment,63.51213266328957,62.000915446692844
102797,control,61.206583564645136,75.55282465101418
102798,treatment,44.84957602180417,26.673267000797765
102799,control,61.4672494034589,68.33631510831835
102800,treatment,37.12877750098704,39.21539760506118
102801,control,44.80771937308451,58.34085737303933
102802,treatment,69.3960897478349,55.208983779142834
102803,treatment,67.48555357838129,64.93685516663844
102804,treatment,30.361803080983936,35.41531598678719
102805,control,32.889470941828485,23.9061283938532
102806,control,52.1740430562682,34.69226025365819
102807,control,84.5226474933902,68.21386501201168
102808,control,11.688696710620114,22.985349807398194
102809,treatment,55.566658791410084,45.66198654448543
102810,control,22.479133368537035,24.992887215759726
102811,treatment,37.31338012948909,17.0382809819816
102812,control,42.71143163871517,39.6303361637073
102813,control,41.58983313126218,57.23315340992823
102814,treatment,39.32408120681583,52.82171976497339
102815,control,50.144141207527404,48.95823676139636
102816,control,39.294888667388435,45.19438908379474
102817,control,20.750852302916947,17.10628408945712
102818,control,65.59739225045553,83.18734806815294
102819,treatment,65.0574433429776,90.14700932013005
102820,control,66.86348620045338,64.82802633551381
102821,control,19.185310074718362,61.16053479261957
102822,treatment,55.97836305168302,46.985805282499
102823,treatment,63.519577116138464,45.08946013881322
102824,treatment,29.3759586312083,26.644529084620775
102825,control,50.183464963642585,47.234015439791584
102826,treatment,47.674667093792685,80.34176586591364
102827,control,86.84301317136527,73.91287422876349
102828,control,88.48992074025146,67.49526308623592
102829,treatment,16.712872133395983,14.649160571723984
102830,treatment,99.8785401145598,103.98998007382552
102831,treatment,31.69548557693352,50.964676223278346
102832,treatment,69.61346588654851,59.78782667471976
102833,control,69.40995961727461,39.74317829102962
102834,treatment,30.086195463163865,21.63475734450478
102835,treatment,59.865355876781976,81.6689326062178
102836,control,47.84932511467872,57.49906565410098
102837,control,61.086600092647814,59.180922670523245
102838,control,54.61344604761251,78.18242362583644
102839,treatment,73.92678970740494,95.3513137994702
102840,control,51.50799086292125,50.655556902149705
102841,control,46.642518611473776,47.24943641628348
102842,treatment,71.9212846611436,60.24120963436359
102843,treatment,61.60791929717207,56.44099186789361
102844,control,64.63626788641776,41.31496964785724
102845,treatment,36.708266554828064,21.815241372212142
102846,treatment,29.09474437203052,13.032423474398726
102847,treatment,38.64555713494597,57.328598139674355
102848,control,37.583572286388225,20.032269322940767
102849,control,65.72398537305828,87.58856557143538
102850,treatment,69.51968100588104,56.4777694383437
102851,control,46.897394209351994,70.6560246252532
102852,treatment,78.61838037648704,68.13457025113452
102853,control,77.36938787530259,49.80833739380259
102854,treatment,54.867978328010786,72.13378225937694
102855,treatment,33.5621645691392,57.71656253808935
102856,treatment,81.5075329887108,63.144721632293965
102857,treatment,48.77965297943184,46.19739263873514
102858,treatment,52.52330392861949,41.40992401289867
102859,control,43.20789948786863,43.31150631650251
102860,control,32.20419347405605,38.07959064660513
102861,treatment,20.62721139369416,24.822047598567963
102862,treatment,62.657366471145764,36.93135338316206
102863,treatment,34.33197892206759,32.064673144202054
102864,treatment,111.19062457993647,106.69964689011059
102865,control,28.27852834775042,30.945415067293123
102866,treatment,24.8523505003726,28.30763052694347
102867,treatment,60.20277431226882,46.83906441258504
102868,treatment,80.58626957934591,66.36948113515271
102869,treatment,51.291793138864435,71.1074763552043
102870,treatment,61.44484840374549,45.00580044528022
102871,treatment,13.129051650825808,33.38238200362228
102872,control,36.449769086164665,40.45980887661317
102873,treatment,28.527685417248662,38.6343047275167
102874,control,12.09908300104238,11.886149297477724
102875,control,52.33960468047774,47.101126373237676
102876,control,5.143447567791327,16.281914804896086
102877,control,23.556080678251025,23.279283987474262
102878,control,39.25612411973164,46.32652770871671
102879,treatment,33.374283280978474,45.08206184393241
102880,treatment,57.92817004414135,86.18833452311165
102881,treatment,56.111603838049604,59.76381105309016
102882,control,67.87597491870913,38.11038862446886
102883,control,65.04767465425357,76.67105228030054
102884,treatment,72.81625578722762,65.91523675343802
102885,treatment,49.96163199981892,78.08649483363561
102886,treatment,56.0693380163334,75.51050500571446
102887,treatment,60.230274038383826,52.48864631432261
102888,treatment,52.833133947820514,63.17472664530709
102889,treatment,42.056113801658526,37.68479729690622
102890,treatment,43.351149313204594,46.548958272476064
102891,treatment,33.648832033400694,48.179062569234155
102892,treatment,58.43233659819659,72.54786122046102
102893,control,48.11969651829689,60.43223236596483
102894,control,36.7365249872647,41.0444133251966
102895,control,36.75510361350815,72.9189379079762
102896,treatment,25.79202544434423,28.51525298758629
102897,treatment,69.57682682474399,44.92135422624672
102898,control,51.572353390635755,32.4645524676657
102899,treatment,32.743999608534594,58.0572891288536
102900,control,66.17095499204036,61.114193428122206
102901,control,38.79102380411254,43.69740077314074
102902,treatment,21.869987459755347,23.225574261848195
102903,control,70.42444578438266,59.32964344764687
102904,control,39.25806020867774,31.531245626307758
102905,control,41.822018195824214,50.09925305725431
102906,control,50.82360040698355,49.329485082761934
102907,treatment,72.85178445580229,74.39341858506918
102908,treatment,50.40074581732623,56.29090712789157
102909,treatment,26.017657477095394,27.87939701850273
102910,treatment,60.877540082243605,40.36096273975811
102911,control,40.30020551476552,22.276147597282066
102912,treatment,87.75847943058932,119.85769665725675
102913,control,49.9776055600422,69.53760081285081
102914,control,5.299290042026676,34.2034164486117
102915,treatment,57.14729944311348,47.93626536214174
102916,control,88.89195584520456,79.29476883676168
102917,control,81.51840577090779,62.85256844347554
102918,control,86.61908577513131,60.10709971380082
102919,treatment,29.60479629237073,28.414855652007418
102920,control,68.24304791953557,81.22606396819145
102921,control,35.56010920526577,50.29209768800219
102922,treatment,54.48578798833849,42.03181213081862
102923,control,24.54095142520535,26.741088681662433
102924,treatment,37.11088470234567,51.74313159825962
102925,control,36.4750660527277,32.30305795255939
102926,treatment,67.97110560285233,66.03115626018376
102927,treatment,66.01438243339311,68.82672887464325
102928,treatment,55.53639458661642,60.82382104034638
102929,treatment,22.99157163889229,34.605706721732446
102930,control,43.767211321005604,36.67780771788273
102931,treatment,35.07767034114548,33.019544069403224
102932,treatment,67.39351513388982,49.548358445673
102933,treatment,73.5636970563437,48.51823109589898
102934,treatment,71.12771172061767,65.82780062161358
102935,treatment,34.89561161165959,50.96980843606038
102936,treatment,0.0,0.0
102937,control,14.66076203739891,27.106668120685722
102938,treatment,78.43253956164418,83.20409997878973
102939,treatment,41.97490121360352,21.183472025524235
102940,treatment,34.985507634697754,36.65967922384982
102941,control,82.85320586872467,96.41721838229672
102942,treatment,75.30319890976654,77.77889253913438
102943,treatment,50.488974438395736,27.12290855668838
102944,treatment,44.131938178720524,55.80796611304578
102945,control,47.3579757437375,38.12685378949895
102946,control,54.54325596774932,62.552573059016765
102947,control,82.00094562639217,64.87178552616528
102948,control,58.44934848474453,55.63545806689882
102949,treatment,64.52058066078283,55.279413072193556
102950,control,73.38540218140344,67.58082438142948
102951,treatment,26.606479979511622,26.450448665303675
102952,control,65.09723784948086,58.36579540878149
102953,control,44.10862490676777,30.02967621991546
102954,treatment,0.0,20.490816339264946
102955,control,7.4366091602837585,20.396262223112295
102956,control,29.637647769626287,13.343525232148966
102957,control,60.62446457185163,71.10340120642434
102958,treatment,52.27599130680593,50.874922978200516
102959,treatment,53.68733414351328,56.4054159672455
102960,control,89.01886965373384,89.37835247110515
102961,treatment,24.618207702803755,36.80589249245636
102962,control,49.451332916325526,65.00268860801678
102963,treatment,56.08871045627631,52.18659778018553
102964,control,35.27453766923329,52.64011777599461
102965,treatment,50.56653490165882,53.551041019873274
102966,treatment,18.001013318313102,34.21611898087876
102967,control,78.19812434550056,76.48810532469528
102968,control,36.36770894939133,56.18910113636987
102969,control,90.62800329557007,90.01439113749115
102970,control,49.350513521650896,43.65326721493862
102971,control,70.56107130798367,56.9376378689622
102972,control,48.933942620176914,48.54227145898304
102973,treatment,49.38512335478941,40.98364559470454
102974,control,38.319413335559844,27.320365520914283
102975,treatment,52.38247858732555,25.135370887196498
102976,control,56.35997388828095,34.27516055266645
102977,treatment,34.31482982169641,66.00057978080628
102978,control,47.499111682802315,39.43965178124066
102979,treatment,37.79802267885773,67.52892992819926
102980,control,95.99328139229678,89.82819511706806
102981,control,48.205384601767626,47.99580169642719
102982,treatment,80.9046430339312,54.82734249934834
102983,treatment,46.087553383846235,48.62742872084245
102984,treatment,55.185752830698156,80.42055303418026
102985,control,23.572718567094615,50.78513621354429
102986,control,41.05854816264271,46.921747496578064
102987,treatment,54.21069341578494,39.46256588648062
102988,treatment,81.72007661919733,62.62795012890531
102989,treatment,54.43965555352543,43.55101172785118
102990,control,77.67440722385999,87.66420579196264
102991,control,62.814582204058404,81.19656906867198
102992,treatment,82.54802678929371,78.50243871668853
102993,treatment,48.81915565389889,46.60498944220711
102994,control,97.80445421303608,106.34085479477852
102995,treatment,40.29207594171754,31.273745812705293
102996,treatment,34.67076331604662,40.68863067174695
102997,control,25.798943006219318,37.973671756052006
102998,control,96.6204934311614,73.55159088524962
102999,treatment,66.38895145235796,55.37935916441512
103000,control,43.31758533239383,35.54632831983704
103001,treatment,74.9804539374699,88.97687513635688
103002,treatment,63.75384370235564,87.14008144243142
103003,control,89.3225494275118,81.01047450750286
103004,treatment,19.043343345201773,24.734309117299595
103005,control,44.692797833714906,38.08444682231664
103006,control,40.74957232114349,43.0852807963613
103007,treatment,10.52634647182797,14.616010252670272
103008,treatment,71.20654409559388,66.12131861707421
103009,control,44.59206888393283,51.41060807913738
103010,treatment,64.79262409973124,57.23268182590311
103011,treatment,97.19543868659224,84.38856468882696
103012,treatment,42.93512616344783,43.74801238747158
103013,treatment,41.5769403468569,40.98173589127839
103014,control,52.37328339447992,45.94015604894834
103015,control,69.74494705966819,74.89162360229629
103016,treatment,38.665739493797005,19.57466876927911
103017,control,37.380768057357386,61.3613410476939
103018,treatment,71.14378540482733,69.15072532840654
103019,control,57.57278647676071,63.74936386476436
103020,control,9.105434739903586,28.920953531877412
103021,control,25.492164010617838,22.252380753152494
103022,control,80.02471727654421,60.422711213436386
103023,control,58.03856566157625,42.37328517995934
103024,treatment,34.75608137925502,36.7986582152356
103025,treatment,46.591806855300355,58.19346378834351
103026,control,50.264733456033404,42.47610437413647
103027,control,64.71466720560328,69.07818007439944
103028,treatment,22.834732102824212,0.0
103029,control,33.18101722659084,32.28518826929552
103030,treatment,55.45911509726778,71.03411242570466
103031,treatment,48.00330839009099,47.74074373200179
103032,treatment,61.4371836527342,49.10934842731316
103033,treatment,25.409852052808045,24.368169958933848
103034,treatment,57.14257352542642,16.799956813215374
103035,treatment,71.83167238754945,54.488872341886704
103036,treatment,59.73637094298567,72.78826694442371
103037,control,52.78223479523184,44.37956592469607
103038,control,48.082327948680586,42.416401687448406
103039,control,33.30297694456996,6.63025695338764
103040,control,48.56002815120423,27.34606496709695
103041,treatment,75.19411705760811,86.13845866576426
103042,control,47.619429867997496,56.3806055171118
103043,control,32.20392021303179,19.48943506748761
103044,control,40.155058224692276,34.2746050098893
103045,treatment,54.017005945518605,54.12684063545967
103046,treatment,42.52972005638306,30.074007464515034
103047,treatment,59.70606566126281,32.26721770910616
103048,control,60.456875214980606,55.73650095472051
103049,control,67.77966360809296,70.90964697655303
103050,treatment,78.47118944530067,80.682928482169
103051,treatment,69.91717448744721,78.0161831670398
103052,treatment,31.315218717040803,16.934783226941185
103053,treatment,31.929311068474554,38.71295357054475
103054,control,48.48457047080351,45.312150108771256
103055,treatment,40.97649285521171,43.578548426378035
103056,treatment,27.233465460781147,31.623491421351268
103057,treatment,41.166164116540116,36.137714888742295
103058,treatment,40.509741327619224,4.460690741918704
103059,control,36.56304520477588,55.29183717562066
103060,control,43.68421027689989,49.62851727239561
103061,treatment,73.56901700636662,49.54145449790248
103062,treatment,53.98476082498478,60.74751407479728
103063,control,99.43618152110939,81.15984974298388
103064,control,53.41016372039299,47.01514001298486
103065,treatment,44.19868452125496,36.9838436942873
103066,control,50.08265765309732,57.164915749674286
103067,control,55.1298395688708,43.26670836185637
103068,treatment,58.70507914342127,43.51905031383934
103069,treatment,91.53422651718047,97.62224647014216
103070,treatment,33.09359070044863,36.4538144032595
103071,treatment,67.18092116355471,62.434629324235694
103072,control,54.15501195228248,62.27669823464774
103073,treatment,18.57804514858765,19.10219191637546
103074,treatment,65.41397564189526,56.86739737987372
103075,treatment,75.3524712160781,74.55858629046685
103076,treatment,32.856471924451405,18.25184488051804
103077,control,49.82132264216059,52.79085744593112
103078,control,15.492914759845931,14.122563150306261
103079,control,24.82387080631327,42.43474177007512
103080,control,70.96059155234505,72.95211973287918
103081,treatment,40.67166987985131,49.98771170472027
103082,control,27.823940501239214,12.109890619730404
103083,treatment,54.58920728916859,53.57411295518057
103084,control,39.55175137137954,26.590040800091778
103085,control,40.583566844489276,42.45001153520484
103086,control,64.78652051349806,30.461619182062407
103087,control,26.765332821313066,12.190704645062677
103088,treatment,31.892695746363355,53.64895795721646
103089,treatment,53.081599842977376,58.693314503592575
103090,control,69.3881958149641,59.86060314949929
103091,treatment,74.76320602979699,58.05086033525641
103092,treatment,36.69876559276754,27.18074307466081
103093,treatment,68.74753933839295,68.20846626100767
103094,control,34.317154130591824,33.69203742980335
103095,control,86.524186938136,97.8533592686822
103096,treatment,27.324579491605434,32.049240346431304
103097,treatment,76.56957621583462,72.20398125858763
103098,control,36.870277863625525,21.784534042593
103099,treatment,90.264929095892,76.927094582357
103100,control,61.82641457704969,61.21118714281621
103101,treatment,29.67966941183556,31.3282606379345
103102,control,39.555230409149864,35.7421611598904
103103,treatment,65.62362410447483,67.542325931213
103104,control,71.05288835231123,85.82889468033918
103105,control,48.585688165510746,50.857030631913766
103106,treatment,50.893165619269325,67.30603601245787
103107,control,65.1670606528813,69.5983220160669
103108,treatment,52.635968540216396,67.8216232185862
103109,treatment,24.129902813232484,24.03159067704152
103110,control,33.74051950719639,35.06799617464583
103111,control,54.7023988630333,50.84435694377568
103112,treatment,74.30964832995387,76.95880482168481
103113,treatment,82.31964848324095,86.22237267878788
103114,treatment,65.59058841542901,64.84727921952691
103115,control,55.74581522072727,65.90709929810117
103116,treatment,64.97627771964954,55.28003332080006
103117,treatment,36.664982995862886,53.21118135374726
103118,treatment,46.935380794835716,62.639431413402036
103119,control,33.51738557321047,46.60047340726609
103120,control,25.025147785845768,33.04376024213768
103121,treatment,56.6709802327241,65.93961588416009
103122,treatment,53.71026613169487,42.456132168759495
103123,control,63.753049690180255,62.938873372619
103124,treatment,60.922236617848945,63.667057403630274
103125,control,54.85288542647724,36.05182502553818
103126,control,61.13233331355109,64.62740953229005
103127,control,49.146338075450466,32.839434652814475
103128,control,58.257827904448014,50.53254393972398
103129,control,35.47711194627281,39.63382201037687
103130,control,57.3941185127826,45.878855146162714
103131,control,63.36835370572019,61.11835255885706
103132,treatment,36.60637143855594,42.33524480245267
103133,treatment,51.03664197985694,41.42749824666891
103134,treatment,37.52794980741281,49.65955820098797
103135,control,39.4698660696777,31.993559199853298
103136,treatment,27.501412897956907,64.8931156816502
103137,control,75.31549850333111,67.53835517569455
103138,treatment,71.31370349440095,51.99051252205243
103139,treatment,60.74867708454674,46.539890220931454
103140,control,89.44391903887629,94.76400187429543
103141,control,46.21508606863217,41.74874698313993
103142,treatment,110.63524830221269,78.93553681391663
103143,treatment,45.449411692735595,59.3806168694809
103144,treatment,55.10386703512033,49.83037448417489
103145,treatment,42.04444172119584,54.17725893199292
103146,treatment,57.4465112012061,69.4612585957405
103147,control,66.71229855772489,66.16503525650434
103148,treatment,47.721672138938324,81.48612977082284
103149,control,85.53439694235242,53.83459914712987
103150,control,54.782985692669214,42.766776849323065
103151,control,55.40970772220398,50.67138049041345
103152,treatment,31.820046109725652,67.77754872159167
103153,treatment,58.36998149100769,81.56282308110727
103154,control,47.31945558381269,65.03736944768161
103155,control,37.835205413254265,30.37113177305934
103156,control,34.470511837032724,29.390206322708547
103157,treatment,103.4352675951337,80.61563170000737
103158,treatment,44.73045499641929,37.184077666528964
103159,control,20.860291584374643,47.8918445469438
103160,control,36.03557080534855,36.301942172416425
103161,treatment,48.968643210475726,49.251500331416764
103162,control,60.9333406523297,68.4441797731161
103163,treatment,61.09593043450627,37.81554123441465
103164,control,63.532291035530505,60.84565702987236
103165,control,37.10279386725341,25.816846329409735
103166,control,56.80880887003091,51.21186334220244
103167,treatment,32.478810717788434,30.601491438951356
103168,control,37.60714033971976,32.265663278559
103169,control,31.64582050999481,39.218532186724524
103170,treatment,26.23222290803461,36.600545428051184
103171,treatment,71.28418977716018,64.5551892720461
103172,control,63.77223401957775,65.23286844698316
103173,control,69.5333073995626,53.159290248306725
103174,treatment,50.78626132048593,61.10622952343526
103175,control,65.53615397730293,58.92435881690859
103176,treatment,14.774211907149102,18.682391412159273
103177,control,67.2617503609071,52.43264193046383
103178,control,53.5423966001006,49.46340921248852
103179,control,62.54219200298331,84.15287533388243
103180,treatment,57.60046598097226,56.36278703444235
103181,control,30.25889690926227,20.055136901254414
103182,control,20.039204492179067,39.6842371220227
103183,control,35.75891667634073,33.07616111863207
103184,treatment,61.29834562545824,63.72753800805334
103185,control,63.801828303507904,52.33923525087482
103186,treatment,22.641154452362745,47.92390424108373
103187,treatment,30.378012650635707,28.96849248462549
103188,control,35.53528628118322,57.64338760840548
103189,treatment,42.853898794663685,32.260011260170586
103190,treatment,22.758983382946955,27.19445026708061
103191,control,21.55896467719735,47.18942693813685
103192,control,33.56329407184892,39.89720643239918
103193,control,51.72507672450011,81.34247751122916
103194,control,26.38811320493019,28.730691421537653
103195,treatment,47.68392980056468,53.16330467652594
103196,treatment,71.17105632283631,92.58104816361178
103197,treatment,23.9644052517298,11.945982261062458
103198,control,45.87108483178921,25.23791713641126
103199,control,70.49513467501545,54.84776699218962
103200,control,41.634632192723814,54.48588344233378
103201,treatment,38.52660618283162,21.598625242526918
103202,control,73.26991628612947,75.3506538354413
103203,treatment,43.87595842056904,53.87464345287921
103204,treatment,72.08990050411136,94.71530338053243
103205,control,58.579307822543974,70.26494642877111
103206,treatment,43.14310694180327,51.17326217211803
103207,treatment,59.59381061195061,76.67499668442301
103208,treatment,56.408990276920754,63.43577175140324
103209,control,70.41765642004948,59.22708756397972
103210,control,39.03308924269963,26.63310575562907
103211,treatment,50.82412133563239,44.58609203949404
103212,control,48.76968640790725,48.547137275318065
103213,treatment,64.0829628327957,64.3774980016675
103214,control,29.496416111116485,6.376329318250441
103215,treatment,70.33954096475712,63.850145503653145
103216,treatment,59.32657544340833,58.8730328538462
103217,control,23.661498527341074,37.489363458744776
103218,control,74.16525650961,89.64449522086855
103219,treatment,94.68186161595463,87.46736163600647
103220,control,70.03667939098816,52.99512368160071
103221,treatment,78.53969534452938,48.853841944481545
103222,treatment,51.70742763205176,61.8688714397467
103223,control,16.769901605229798,13.580481100087203
103224,treatment,13.117590976649502,35.30536857650663
103225,treatment,55.101640877355166,73.81236165647735
103226,treatment,38.1604238454004,22.19412870169455
103227,control,31.708474433452974,43.608665642716964
103228,control,48.74506632062649,66.15858692480381
103229,control,62.311705757225766,72.71440247235273
103230,treatment,20.944849064757058,1.9761435800943659
103231,treatment,41.022447594392304,33.47408061226467
103232,treatment,80.1974136624063,57.21286398936217
103233,control,28.494232395572507,40.7955679378639
103234,treatment,67.39522374329913,70.01421508739762
103235,treatment,40.30538476902012,8.539283710905494
103236,treatment,60.91587519699905,55.70727811506017
103237,control,71.94655014405734,77.052440312645
103238,treatment,64.82563533970043,64.57676486871185
103239,control,68.18319204427753,65.57232350336884
103240,control,26.968129331840878,27.89768437304902
103241,treatment,72.27319413482597,54.19642368517797
103242,control,32.946137707303606,36.983975938380034
103243,control,55.19083531143077,54.582258068089125
103244,treatment,55.16492373994454,63.512745074005075
103245,treatment,59.70245117739162,67.99066632234926
103246,control,56.73913352120381,56.190189952507914
103247,treatment,33.123800429505536,53.32712652760868
103248,control,23.002651754085676,24.792201654210896
103249,control,67.44697359923538,43.9825807045826
103250,control,53.716691550378314,59.0983455193407
103251,treatment,72.98753681915636,70.41249697295291
103252,control,49.105341316242644,55.90279203277855
103253,control,21.896712786460792,12.195415527360865
103254,treatment,69.32259362008213,89.68195071152167
103255,treatment,42.59258780677786,55.34350431740907
103256,treatment,56.840069148420426,52.820211101598005
103257,treatment,37.05081143040962,29.41322663592993
103258,control,82.88603420467382,88.91392589284945
103259,control,32.46870351633606,22.276483410318065
103260,control,43.251404917876506,74.85359843835221
103261,treatment,52.148974053946326,44.999791672010055
103262,control,28.15635345826084,56.37740972987693
103263,control,56.61039057175191,52.517434135248
103264,control,82.2382095493498,95.0899705486242
103265,control,40.19075678612579,32.92167101261268
103266,treatment,57.90285638063451,57.676324151654086
103267,treatment,0.0,24.645832976885636
103268,control,49.221415990303186,58.174519254921705
103269,treatment,43.73915428147589,61.36607603395796
103270,treatment,33.6300479517923,32.773886029625885
103271,control,71.62900939257064,67.34366636271119
103272,control,43.47512636752344,61.62097333396735
103273,treatment,46.45045025812825,39.50818435205403
103274,control,42.456142504218576,51.91611319362555
103275,treatment,11.663682564698469,19.84854446489779
103276,treatment,27.36027119846078,37.24366183587148
103277,treatment,69.22186972240432,67.03489652144985
103278,treatment,7.800987062400566,9.422734398403199
103279,treatment,34.673693007685884,36.55662298154652
103280,treatment,42.00559887420472,47.42147263539098
103281,control,84.87243734583132,74.79541723802143
103282,treatment,65.37207530992738,83.83439748807815
103283,treatment,38.85658945893801,56.50289828702279
103284,treatment,76.09027394231103,74.90378687709494
103285,treatment,35.189683589977605,30.296787625162896
103286,control,70.18199607468011,54.23569617732755
103287,treatment,22.822455081539687,57.227906983089284
103288,treatment,71.46515663578315,54.23933889427214
103289,treatment,41.87732709058029,46.91421648793053
103290,treatment,29.429915181174607,40.84733905695644
103291,treatment,45.65712773847372,44.124421008468424
103292,treatment,55.5468835944043,42.40225307538114
103293,control,40.10503138948576,32.1955669836063
103294,control,61.079070119906476,51.07972095818366
103295,treatment,38.34012232671865,33.36938330200685
103296,treatment,62.40744787862716,78.36967576389857
103297,treatment,58.84444124073199,58.01260538457412
103298,control,48.7815389058413,42.15691692888912
103299,control,41.172353752681005,44.79418723846357
103300,control,53.030815915305325,61.10933799731578
103301,treatment,61.005074860673986,55.194915949902814
103302,treatment,91.23598305463217,94.3590782623112
103303,treatment,68.78840843596362,48.775615102925755
103304,control,69.51979899631682,80.13473984887122
103305,treatment,111.77024389720567,97.70925459945701
103306,treatment,60.319169535356885,58.60423343854551
103307,control,59.69287022623405,48.10193488197841
103308,treatment,64.08030148643309,45.81729565184135
103309,treatment,29.82068044823494,14.31751303968555
103310,control,41.121967271624875,33.25088859410177
103311,control,39.87661466615332,50.18164696904611
103312,treatment,62.95227954439123,48.49769142774012
103313,treatment,46.51650875557603,28.403337479203635
103314,treatment,52.76446850948606,41.54754769215248
103315,treatment,71.7490924029693,62.72095303058509
103316,control,67.26301477408278,58.376709516395394
103317,treatment,46.76557993917506,47.36909204953018
103318,treatment,36.60009806243555,55.110171516228526
103319,control,72.70549463306378,83.55520381196692
103320,treatment,65.47782361819732,89.63814297827138
103321,control,17.874863634092357,4.410644408000856
103322,control,43.736921221834386,33.98041089463099
103323,control,53.31030924033525,61.72282203050145
103324,treatment,65.57659434242063,57.176177338117554
103325,control,68.20202989879542,75.0386570798479
103326,control,55.67812002350947,56.99844316395904
103327,treatment,61.70495062717712,81.16962101610075
103328,control,51.28273604756307,64.7558896632002
103329,treatment,36.52296623638879,55.42815533119037
103330,treatment,44.77471217917492,42.13248489092305
103331,control,50.379823732802166,48.995581994611534
103332,control,49.3064149996282,45.441687571892
103333,treatment,12.288541911130586,3.295325866429902
103334,control,42.05033330141138,63.507427162617844
103335,control,51.124113061783035,60.70363204445145
103336,treatment,44.372600161885984,42.715170291964554
103337,treatment,45.063524089768286,65.05577975241255
103338,treatment,59.759827416091746,50.48089042289887
103339,treatment,28.420856259027325,10.999408795127696
103340,treatment,17.439155720975776,40.405616012957296
103341,treatment,43.036604183266505,29.36369107224139
103342,treatment,65.2822881100358,60.371850108282175
103343,treatment,83.75106078973278,79.54004711927085
103344,treatment,65.6425647818948,68.33115079248383
103345,treatment,20.634724802623055,40.69933463576618
103346,control,45.352655212464576,54.19843352225347
103347,treatment,55.13268762163059,62.62391008170345
103348,treatment,53.551822338471844,43.70320393334077
103349,control,60.78609105885748,61.982044681209175
103350,control,31.659021070784785,16.327711767421974
103351,treatment,51.298861751014854,73.13928563198613
103352,control,58.406456595522585,37.75065383929123
103353,control,66.5134190660732,57.80209601158188
103354,control,33.88563666774416,20.467161265635983
103355,control,43.09686265514204,35.16345495073547
103356,treatment,0.0,14.177641238674346
103357,control,37.57076064844452,33.68325832440973
103358,control,39.51170214057914,57.270731793782005
103359,treatment,29.608309836651138,39.207850679815635
103360,control,53.312243004653034,46.36046213843426
103361,control,48.88109135909463,47.39369568750412
103362,treatment,4.815722448447772,33.74691225314494
103363,treatment,54.31015938603513,66.75585119471789
103364,treatment,31.433517384219453,22.510615108947242
103365,treatment,59.7137791838103,49.78115856254163
103366,treatment,24.36297504542669,38.553110210391495
103367,control,50.600130770618804,55.12469861930139
103368,treatment,44.33673342226988,33.3573083653333
103369,treatment,56.06203769900661,65.95654155331168
103370,control,52.49394555302694,40.08530204281172
103371,treatment,44.896716499570914,64.92054435633584
103372,control,19.274553719115104,33.95986928578371
103373,treatment,20.455840730779368,14.367927551474606
103374,treatment,38.32226121815562,35.74266903086396
103375,treatment,49.83440232140826,44.14680730438485
103376,control,37.83504105601766,42.991251016985
103377,treatment,62.504238611589315,58.179818231974814
103378,treatment,44.41558161576633,32.15829223987572
103379,control,30.699745504409794,17.080494307896462
103380,control,44.43807414024181,53.09145163912233
103381,treatment,54.51719672633105,58.67445534322655
103382,control,56.49769437649169,56.2694014340776
103383,treatment,87.5675826398626,83.2571328338549
103384,treatment,36.62181319993161,33.278829169912
103385,control,48.530426768191994,51.33181018519125
103386,treatment,58.522478936388524,91.47313133580082
103387,control,49.531540815983696,65.18671811023835
103388,treatment,39.98763708022693,40.17544262392472
103389,treatment,19.01485647311513,21.337584924499993
103390,control,39.78330881893969,4.497425183534162
103391,treatment,28.52595174564398,49.531958591164624
103392,treatment,15.46786637752443,36.006710513344004
103393,treatment,34.086423166588276,32.370649561406836
103394,control,29.05816558467091,15.353911793336145
103395,treatment,61.67573090585896,44.97404641714695
103396,treatment,62.02183674828588,66.39520869766059
103397,control,31.922414208382502,35.259943840191525
103398,treatment,44.79542738873758,56.745472978084535
103399,control,12.835146757749293,23.269895301662764
103400,treatment,40.113200996346116,56.8739179850369
103401,control,57.97963801404691,60.87374807168352
103402,treatment,66.49875779228205,74.83800066253352
103403,control,35.73905836617372,11.660380653847088
103404,control,71.0370972105504,49.44896585066067
103405,treatment,19.686161569730565,23.944701635829112
103406,treatment,25.04744401712415,47.06693565301423
103407,treatment,64.19323731275753,87.02199792576644
103408,treatment,83.42242457126494,74.3941832455797
103409,control,59.86863976367391,49.31103604348984
103410,treatment,49.193152269319754,25.033061256689237
103411,control,6.0963250695558315,28.496118607089105
103412,control,9.551058879130416,12.38495698106697
103413,treatment,52.58819073791738,92.57623220354888
103414,treatment,42.83874660857651,36.347665502244325
103415,control,27.88329635695764,61.26264400607191
103416,control,51.310651616601014,60.88295864387335
103417,treatment,52.30262735015619,39.6243110994894
103418,control,68.88831737080545,67.23721169390043
103419,control,52.732045660254016,62.253439442443465
103420,control,74.5678873666877,65.44610910666115
103421,control,50.159880590976265,61.20537971869822
103422,control,47.693300103853275,59.06407369848623
103423,treatment,71.28624372494365,75.3534996426338
103424,control,30.43118239917131,35.10546462383179
103425,treatment,106.28894906532324,78.17371539047228
103426,treatment,57.50514956333472,56.11308713333011
103427,treatment,57.616585056753465,59.541555366856784
103428,treatment,60.50191947945195,34.558619351228
103429,treatment,87.54272950663284,81.89581992578726
103430,treatment,65.85014823345213,62.10705080866836
103431,treatment,17.898880419921525,10.271409681242037
103432,treatment,78.0694076953501,68.14679529768456
103433,treatment,43.18206841109966,42.26121190338699
103434,treatment,52.14310145678647,78.64007680493391
103435,control,24.41492055649467,33.72308243231169
103436,treatment,60.52404036247791,73.09862068179766
103437,treatment,36.97251419864895,40.17083566738867
103438,control,52.00339275986948,26.712959163692037
103439,treatment,44.31801989278434,56.13276155960526
103440,control,88.50025603471704,70.16820001238001
103441,control,89.64520600291179,75.29433208263904
103442,treatment,50.93026340429483,38.26819723891824
103443,control,51.2795542273771,51.92229402739936
103444,control,42.5311406730097,58.489340738658456
103445,control,72.12012583005573,78.92905973942504
103446,treatment,43.42160259333246,67.54951679409683
103447,control,41.57325450708601,66.53869588705726
103448,treatment,69.57185727329929,39.11452082007968
103449,treatment,39.23401809366701,27.635397750290746
103450,treatment,49.244899311029386,27.0135482882049
103451,treatment,18.373784369780143,36.139991836284324
103452,treatment,64.08380690246334,52.89424498603954
103453,control,88.81733878363738,72.64175656611259
103454,treatment,64.42450745599584,59.453065894520435
103455,treatment,79.2359833509461,78.48792201116453
103456,control,33.07795727645338,17.65951740676547
103457,control,54.726485640564015,36.89166594684578
103458,treatment,31.13680151261221,37.36974833510459
103459,control,45.444689088373146,62.44143497735002
103460,treatment,65.4442295470501,62.747196095541604
103461,control,52.03641226206597,41.05463566616313
103462,treatment,21.74717954797557,1.892254998763498
103463,control,23.69941788924493,42.877276807895996
103464,treatment,22.376721370184526,21.047080396494447
103465,control,59.82905179879181,42.19262522802373
103466,control,91.27789071313336,58.266798200822585
103467,control,77.24916488000426,51.39935937083833
103468,control,12.080296017078716,8.84455309291049
103469,treatment,78.42151876139567,69.65646728638778
103470,treatment,68.72800834029294,49.55585650467493
103471,control,19.094001089424847,29.277187236153104
103472,treatment,43.93596766579005,43.691778594356414
103473,control,71.9104482299162,95.82703123386402
103474,control,61.008670218695706,35.70883961486727
103475,treatment,23.818098952240288,33.99974628647495
103476,treatment,62.214843115923884,62.96300197637737
103477,treatment,7.249988078388242,5.804498046006225
103478,control,45.54355648485577,47.91773814078515
103479,control,72.75913538800097,77.25012806054318
103480,treatment,50.367884311426394,53.05237556598955
103481,control,40.02124900076108,60.83065921373256
103482,control,67.78692507544699,34.5320944532609
103483,treatment,69.49503630173163,54.97957644557272
103484,treatment,76.20079385733901,90.66375274727937
103485,control,67.48684856892774,75.18011076148713
103486,control,71.62749587874293,73.37091975269993
103487,treatment,64.6581711487507,78.80753475468258
103488,control,55.31057298232944,28.62925213521519
103489,control,51.79017999527628,61.86757476643657
103490,control,45.25480561805196,60.52139797693506
103491,treatment,25.752634138805487,24.600691462814524
103492,treatment,30.893769823603826,71.95186512650486
103493,control,44.359710361295804,48.36723541643867
103494,control,54.82904319204859,24.61417454864235
103495,treatment,78.81625196008527,78.15594341209118
103496,treatment,49.16405544248975,41.35018849123007
103497,treatment,70.06952581755328,81.96358323008033
103498,control,71.58631312864242,73.43835307015705
103499,treatment,45.37106404622418,40.11853250147219
103500,treatment,61.89380422740368,80.29592383333059
103501,treatment,45.129439165502774,60.27485199650759
103502,control,76.44271788156954,58.87968644684465
103503,treatment,62.71686676531864,59.026282717815064
103504,control,26.190324906232895,38.9809100640515
103505,control,53.23049304307693,47.604119757041055
103506,control,82.96224323647759,70.29799412161773
103507,treatment,46.37537930906598,49.2673609401977
103508,control,58.954300601901366,42.61653544618749
103509,treatment,60.91757675478291,30.151473456889242
103510,treatment,29.267542016707992,39.11411339021219
103511,treatment,60.21415898427028,32.849945996082525
103512,control,22.123296959307485,15.955805465565488
103513,treatment,37.487517871972074,18.67980665974363
103514,control,71.51445934988384,44.32897421800481
103515,control,57.13512580616716,60.99149315915181
103516,control,43.91044384506946,42.49197228796183
103517,control,58.92922042490375,53.278598599505436
103518,treatment,48.79815504489737,33.19087193739574
103519,control,50.251570047036665,41.512609602001795
103520,control,63.13637053440275,64.83231155598898
103521,treatment,35.452645186817364,39.90043413774081
103522,control,50.80672811109381,61.488000961223676
103523,control,43.75463610786694,58.082944362800724
103524,control,18.28793250799489,22.87939427768023
103525,control,31.590884875014005,11.690208773047534
103526,treatment,81.36412894127665,65.0136255373836
103527,control,57.69446629170468,54.4785420040491
103528,control,23.528233971972217,19.874217299656344
103529,treatment,19.192912483031787,14.443317413190153
103530,control,47.75672199778832,49.240277485511434
103531,treatment,81.22373066352964,107.06768609935182
103532,treatment,46.26483730391295,42.240506952040604
103533,control,76.13999106808032,69.5678753615164
103534,control,57.03861541637315,37.922358350541515
103535,control,59.425009156917874,73.5174067254643
103536,control,23.28558981390861,41.53595512938975
103537,control,68.75045843499515,74.72170460555361
103538,treatment,43.30135925452785,64.46442719359423
103539,control,67.26184907221817,57.2931920568841
103540,control,33.71660036027774,33.78683855347906
103541,control,53.54098695019825,75.27530705015019
103542,treatment,57.04005907875263,65.15025034862936
103543,treatment,46.91933366848267,19.83195503453969
103544,control,58.090903861723135,62.08489385924882
103545,treatment,44.67205849614982,39.80890183748792
103546,control,37.018804939174416,52.14580011761395
103547,treatment,82.10966765587929,80.98210309007193
103548,treatment,70.97905732722884,44.20907649603511
103549,treatment,34.78270509903646,43.643317704487984
103550,control,61.36888611189226,61.31300751153167
103551,control,35.14642290597694,43.66797392991773
103552,treatment,26.306307126753516,41.34326141759081
103553,control,70.67618882797953,85.29691111851636
103554,control,15.918007487051888,29.91374229982506
103555,treatment,68.53711827153083,65.7057568627565
103556,treatment,44.94555374853883,62.89534861916965
103557,treatment,45.769067938389426,77.99547200286995
103558,treatment,58.1950243924658,69.75151653213477
103559,treatment,61.623976239885046,62.94583283167406
103560,control,33.47313646342184,43.3266936931994
103561,treatment,64.35451217500128,65.6530246918402
103562,treatment,52.26741076050447,53.44553367781957
103563,treatment,24.878904142639236,61.3016959376635
103564,control,46.60251032840522,37.54283801052863
103565,control,77.62558031117851,85.99715327953018
103566,treatment,83.53189596491393,74.98399111790232
103567,control,64.34696915217354,41.176122062531746
103568,control,26.193130236632598,29.65363809252082
103569,treatment,59.81213804911776,51.62593914177405
103570,treatment,67.01721807718386,71.90354329511135
103571,control,64.51415966637444,62.09340816877784
103572,control,65.69908577375836,48.254169758119545
103573,control,57.265261584950615,74.90855176722198
103574,treatment,48.55175322338913,64.83493227543055
103575,control,37.83265008191963,61.856030078766224
103576,control,12.041289629970073,24.665715075648553
103577,control,56.79283533426702,54.621922439440276
103578,control,53.72105687304377,62.09802300129009
103579,control,61.15151685649632,50.7243611738296
103580,control,23.249126134142116,31.657370787689004
103581,treatment,62.9003337863012,58.85125017745303
103582,control,91.09090189241554,61.490509118233696
103583,control,51.569002615558226,52.86282980682054
103584,control,48.76669361586919,43.241576552072296
103585,control,56.18004712171402,51.42637181152061
103586,control,90.64674049420675,85.29747785514971
103587,control,29.52704476600218,51.479314612592866
103588,control,54.0641386678781,41.819931101609946
103589,control,34.00685155404712,33.55289197089507
103590,treatment,39.059905583100104,33.173836452491074
103591,control,49.008193842361216,38.27388848882315
103592,treatment,76.94646483227118,63.844440813305006
103593,treatment,86.01981201377474,75.9160660437445
103594,control,58.96284289253413,64.4724856908968
103595,control,42.46810553953029,48.590178166170624
103596,control,99.85477733277037,73.41017904491629
103597,control,41.448910373409596,60.70681464871511
103598,treatment,38.57728171280525,55.42636177483973
103599,control,14.501139108425463,11.454288748253
103600,treatment,77.92183138489487,88.63483852459427
103601,control,69.36491184742587,68.84867255438927
103602,treatment,98.35611072232892,85.6973739275593
103603,treatment,22.209532955637485,35.39410345246415
103604,treatment,79.16341614958219,73.03164653061962
103605,treatment,51.40271036732255,59.76274559912943
103606,treatment,66.12200433600273,66.06945470653723
103607,control,17.04445717791058,20.81961578250029
103608,control,79.36163645330595,45.22205831977466
103609,control,65.73033502663661,68.77172076021385
103610,control,49.22179930427565,44.473354764817216
103611,treatment,62.902253753222425,71.46795662695263
103612,control,34.690093979155016,44.889532621981786
103613,control,38.41119828836601,36.70923350389327
103614,treatment,40.73110772749207,58.08119253435132
103615,control,12.94544276619444,24.918882551469615
103616,treatment,67.23516988406735,66.59116880303509
103617,control,73.83187228365132,66.04687155986042
103618,treatment,35.973117004723164,63.25118641808599
103619,treatment,56.96406031889637,47.28741332095433
103620,control,44.689190507415276,41.74830997791418
103621,treatment,56.56547924162061,40.05570401960698
103622,control,37.448455175779415,50.20008988494803
103623,treatment,32.33149687824728,30.547515174656645
103624,treatment,71.04149772047485,61.06313700735902
103625,control,48.72258829751015,42.20351236179673
103626,treatment,90.44217901706952,82.66136722107487
103627,treatment,50.926199295882796,35.64865541721941
103628,treatment,31.478439192990155,7.933483875595147
103629,treatment,74.53881752871878,75.9589684315965
103630,treatment,62.616003282920396,33.002262101194624
103631,control,64.53745727392847,72.20227376438613
103632,treatment,73.81201357735837,89.97639436633459
103633,treatment,36.94407412308411,39.535578869467436
103634,control,47.45493382029425,65.28187620274531
103635,control,46.571003370244135,47.10737025864208
103636,control,24.185069261687634,51.794773912959386
103637,control,44.72819699683513,40.010952845828356
103638,control,76.72758915753649,38.761246129076405
103639,control,54.746762075876944,52.50293854821153
103640,treatment,23.078773443100246,53.90330937340782
103641,control,18.8832117667013,33.739374309125296
103642,control,83.29552117496543,68.15455534359388
103643,treatment,48.1936197948974,54.49616834540183
103644,control,37.05179588596765,53.13562098719189
103645,control,44.52016470205994,44.75752449901174
103646,treatment,20.45384491365336,64.08425874354823
103647,treatment,78.4619029902324,66.00163105852533
103648,treatment,42.13894124827941,58.86617622224056
103649,control,77.34803055476844,80.59050512792959
103650,control,51.033034288946304,41.516929084640516
103651,treatment,78.59063949136879,67.32816264950804
103652,treatment,55.13388998086171,68.81859664245437
103653,treatment,67.06465325738152,66.21385366031211
103654,treatment,64.38186092176673,66.7586642624378
103655,control,62.465821325039414,37.7075521391687
103656,control,56.95868954365421,63.89706366749935
103657,treatment,45.342985677688304,51.80781926774709
103658,treatment,88.3086938314572,79.38607024262791
103659,control,31.861260298081987,41.17009582276696
103660,treatment,50.08615284686319,46.15117320947325
103661,control,50.29771750415191,42.39315399975336
103662,treatment,58.04881506687043,54.33676648784417
103663,control,41.41054708210998,37.41707947340255
103664,treatment,56.29492611179175,85.06688930856953
103665,control,46.62314829594068,59.53027710375227
103666,treatment,18.360949651242017,14.959072611814308
103667,treatment,50.19104572513693,78.58094838233873
103668,control,27.988693339396967,27.76536526849472
103669,treatment,15.312284751021977,25.873871448699084
103670,treatment,52.7374664137877,65.42481341064801
103671,treatment,59.75766684039133,32.75775126629681
103672,control,60.53396084209153,54.76491340506733
103673,treatment,61.34341414039388,52.423066665924935
103674,treatment,11.348219581187792,25.224119132526468
103675,treatment,22.77966144185061,35.980043254680865
103676,control,89.47042873627342,78.58077621660462
103677,treatment,29.055824798459277,34.1561685925112
103678,control,62.21682062273378,73.25297909508161
103679,control,36.26124756668308,43.68421965225635
103680,control,51.59345478535129,51.743092462292424
103681,control,37.334915954528114,42.45733102201388
103682,control,61.230823092392896,82.70964593021783
103683,control,52.73548234633398,54.335873764712666
103684,treatment,41.03420452711533,37.97013936289533
103685,treatment,28.996557606385792,10.49373399722025
103686,control,55.355483949850225,35.047404525700195
103687,treatment,25.7456240191482,27.131046143319193
103688,treatment,58.54962084241677,56.47852474690894
103689,treatment,102.529698180738,83.54709260945644
103690,treatment,77.00340102524024,76.3977489571371
103691,treatment,64.36695773788325,54.754563782869326
103692,treatment,48.28785404517705,38.118334606806215
103693,treatment,11.224947459929496,30.52322674800969
103694,treatment,23.554272081996317,49.78109048889543
103695,control,75.65585712205427,54.59544222500989
103696,treatment,34.2048783975044,42.87771662778921
103697,treatment,36.014958036719065,15.810375668066218
103698,treatment,46.68699048631957,29.50893690180911
103699,treatment,28.759074823068907,27.780666310898507
103700,control,25.464625308967275,46.61192280373966
103701,control,48.99051854437156,38.94157641314287
103702,treatment,32.16941090655928,27.33106367456252
103703,treatment,35.179628404422104,40.86211117024157
103704,treatment,34.37617947705988,40.27270467188854
103705,treatment,60.44720427668938,48.94909009052333
103706,treatment,45.35748619009286,74.29335622082704
103707,treatment,46.428560642122925,45.31099301994959
103708,control,61.93891794617767,60.45677654038267
103709,treatment,47.1592078353412,44.05436218322427
103710,control,44.43492463085654,51.64647016010551
103711,treatment,59.40900711140342,74.89370824703404
103712,control,63.363956871152624,82.03116969030509
103713,treatment,47.05853000982792,39.21007045882621
103714,control,51.61215551241043,65.77126803887037
103715,control,34.36419540533344,45.5447402989709
103716,treatment,32.786339136709486,51.48166191332932
103717,treatment,65.38295003933615,61.82176399856896
103718,control,58.89884125089243,54.199814082500005
103719,treatment,59.10596876833152,70.70781782964933
103720,control,55.61708697451044,66.84220997869264
103721,control,50.92406551629907,71.40558531021618
103722,control,63.928237816455386,63.072715638050546
103723,treatment,68.70217522045567,64.11228383415855
103724,treatment,68.22456010381295,32.62761590637675
103725,treatment,47.98444168108026,28.67335785647123
103726,treatment,77.73985459817676,67.08943244211616
103727,treatment,54.569213634646424,40.36126967146456
103728,treatment,62.64752385131597,71.75557794285082
103729,treatment,55.64175781669759,38.401369979425134
103730,control,54.94013414968348,47.07346769238697
103731,control,35.28496019499361,32.851684146406555
103732,control,64.02701676689652,76.45751553717281
103733,treatment,106.90588789815278,86.13317358531954
103734,treatment,42.50409850419833,51.86292365048361
103735,control,51.41989430849896,53.653869448757234
103736,treatment,41.07589471305475,56.7563045079995
103737,treatment,40.239601968761306,55.426989420691115
103738,control,80.88898956237345,72.72437105944637
103739,control,36.540579645450705,17.465567580677444
103740,control,40.518390532672775,39.82314912615486
103741,control,18.250143525373975,25.923619280610072
103742,treatment,34.84776550915505,43.91937064981899
103743,treatment,15.832002140933042,16.117064143447816
103744,control,62.63609398423858,74.56977363730216
103745,control,105.99394443674619,92.17562629687379
103746,control,42.666424126989554,32.32278277121512
103747,control,16.664841340195252,18.93684647956097
103748,control,67.99999328859467,89.01221624232963
103749,treatment,35.46150082139686,49.385019022575285
103750,treatment,75.9869386110708,84.85998049069703
103751,treatment,44.359419044201104,33.49066382961553
103752,control,37.363686218344384,31.41040435778074
103753,treatment,46.44084888508627,39.816266867944904
103754,control,65.15553521872374,63.80595127892879
103755,control,45.45158738488687,44.28686267505387
103756,treatment,40.06550594412589,37.57372705638415
103757,treatment,46.02336794042257,43.701337946893105
103758,control,24.5628963099823,20.41807405160181
103759,control,57.9406320458796,53.57642388890807
103760,treatment,14.265468123101797,39.4255590444547
103761,treatment,41.11757091268969,24.821226068586338
103762,treatment,65.18770417661486,67.47427021144777
103763,control,56.06096565865434,72.8026345283329
103764,control,61.806411459727805,56.43147106379602
103765,control,48.69908654562382,42.02794267170092
103766,control,73.39492361971034,79.77262604318749
103767,treatment,68.49398393539585,52.35045634602591
103768,treatment,58.92282008495349,57.891934338287825
103769,control,68.55091554627086,50.15734220021156
103770,treatment,65.00847108807153,38.01724284972914
103771,treatment,41.210729733062195,42.89748446058656
103772,treatment,23.12202176617333,14.62837059947423
103773,control,58.40724251685248,56.15104550793214
103774,control,60.92178461662857,72.94179391537699
103775,control,71.80943982277131,90.88657323343458
103776,control,31.27357449909413,37.192457002398974
103777,control,31.871378814456733,49.886492229378696
103778,control,59.19800532615541,62.1762837675437
103779,control,48.576660222938266,43.86437843622055
103780,control,12.28476778857744,0.0
103781,treatment,57.50216327508382,78.64309349038292
103782,treatment,12.951541700220908,9.835338811509368
103783,control,31.094868962532477,54.113491480827065
103784,treatment,77.03362745720214,78.87651803745199
103785,control,86.49758035614231,64.46174973618672
103786,control,25.686872630560767,35.892504847083075
103787,treatment,43.412169251746114,74.77488812270872
103788,control,50.85245046157412,70.95411199198082
103789,control,85.62453855163136,69.93584771138526
103790,control,40.142621043511966,33.18834566053456
103791,treatment,40.46231953933444,45.672367385041866
103792,treatment,80.97451116925724,72.54134254983725
103793,control,42.50421694563484,60.249196514213416
103794,control,64.44403417932915,70.61687027118245
103795,control,20.45714069775145,5.456603343904259
103796,treatment,46.57534511815348,54.99921213056861
103797,control,16.808063233471906,22.73689670253065
103798,treatment,28.891324380885912,36.159387783401534
103799,treatment,66.78402710304528,67.38122685908651
103800,control,49.00189217826575,65.10911332030793
103801,treatment,43.617885188940505,59.64839896796346
103802,control,35.02500752038165,28.85059144461338
103803,control,45.58687853517434,45.91479544958566
103804,control,56.02226334201387,48.58331719054798
103805,control,69.65832412923524,42.4950122107098
103806,treatment,0.0,12.553164180613077
103807,treatment,33.36477651474381,63.427389612591284
103808,control,53.181924843780116,29.73823836477077
103809,control,48.02273768075428,48.198745649952265
103810,treatment,58.0675248505345,56.80800577880896
103811,control,55.35080572253108,57.8194868001995
103812,control,43.90264274013185,32.69132796400092
103813,treatment,39.462936080256455,24.74476099008729
103814,treatment,45.08997020528998,29.580344864492716
103815,treatment,72.97484699645486,86.3377339275693
103816,control,35.35984134188571,26.020167481250944
103817,control,48.74386553712089,42.44931253521726
103818,control,53.66684427996842,80.59180549542408
103819,treatment,81.20701859748917,65.19197461525236
103820,control,43.99383483527374,50.02489705238856
103821,control,69.17613312021922,78.45500553095319
103822,control,74.63958806530044,81.91640613085085
103823,treatment,48.724914700187036,32.92858656298563
103824,treatment,45.78562041846475,38.90244944506169
103825,treatment,43.418926559035675,50.56409435221372
103826,control,44.88353731514835,71.68115532105291
103827,treatment,67.08479721153665,54.23975879120448
103828,control,54.62019954511028,46.93526365948078
103829,control,54.70579418339739,59.079793515102416
103830,control,27.495529792403303,41.318955181397115
103831,treatment,30.65019845249531,45.986563458076
103832,control,92.8689364955396,70.9554666765853
103833,treatment,46.44348549422621,41.79427884145128
103834,control,34.5045600884328,41.22923297588485
103835,control,78.62198331178595,88.16529653562917
103836,treatment,55.63617097367104,52.57228036558896
103837,treatment,61.563098337290434,59.87729734603784
103838,control,47.23905849436933,34.35753633267681
103839,treatment,43.62653818846392,71.36807780779606
103840,control,46.608272550054195,49.496911385784976
103841,control,22.345236594027465,43.51628305061249
103842,treatment,48.24145181160205,50.576591745911664
103843,treatment,55.92066154085235,57.06847340393121
103844,control,87.00926467687508,57.9097274327878
103845,control,51.71998130010431,22.838080792444035
103846,treatment,3.3164591557939005,33.04849364456334
103847,control,48.120291344307574,49.62283162185147
103848,treatment,104.79008266216611,95.32334938178683
103849,treatment,67.3273246997008,47.97206551240369
103850,treatment,33.78222112382822,27.390249681006438
103851,control,61.822130288611135,72.91953227770547
103852,treatment,35.15973150220519,63.38973694237694
103853,control,22.92384960906285,21.474204524451693
103854,control,43.03261273531856,53.6573485042115
103855,control,51.83052878477722,53.886690162469506
103856,control,12.556889951332082,20.32321945733972
103857,treatment,27.016814189227283,58.76172567029387
103858,treatment,50.206711263647094,45.65973920202869
103859,treatment,41.836536480220914,61.790487790382784
103860,treatment,57.896225422921816,62.46792527286439
103861,treatment,25.706633453828772,33.05655035642302
103862,treatment,64.28227497106602,80.36178740007651
103863,treatment,26.3248180587961,37.58173219203604
103864,treatment,82.85468603875259,74.86539821062377
103865,treatment,15.684834312433665,44.011930422850256
103866,control,28.14891459233175,50.13787217315125
103867,treatment,58.34741606063658,73.66104220944952
103868,control,83.28466502995276,23.53268160245041
103869,control,56.300860722323414,60.5486349649795
103870,treatment,61.25715840364782,62.748915511056936
103871,control,50.35073803346117,49.80185602407261
103872,control,29.47203091769613,42.67064951849059
103873,control,40.19723303521241,46.09476821158803
103874,control,25.761805600374466,40.78790351549432
103875,treatment,24.42580064446257,28.77454896243188
103876,treatment,58.034978386394926,77.34530062230135
103877,control,27.536440358240768,43.456793351826086
103878,treatment,56.39108013446723,63.47026229156062
103879,treatment,23.963544955578048,38.50376506348046
103880,treatment,55.92766040233509,71.25513798460952
103881,control,40.22634862074075,56.185420474471826
103882,control,78.13231067301288,69.60739896215198
103883,control,56.4743779115813,67.95635837580652
103884,control,74.71565785988282,70.83923810633696
103885,treatment,34.887065671496146,65.52385711275628
103886,control,51.122866804883344,65.36372408001037
103887,treatment,30.378256837674435,28.5076592542617
103888,treatment,41.72789514511164,76.12832567046021
103889,control,44.757915545107416,18.261063398930123
103890,control,35.48283558625722,47.54353739338467
103891,treatment,25.6899428230861,24.056970693789147
103892,treatment,21.729653526946944,55.19614504343684
103893,control,3.205037685852055,18.24808815788947
103894,treatment,28.873070729930845,25.153876085091248
103895,treatment,62.54987793343689,57.38701477884395
103896,treatment,18.030029359734343,18.078096555927033
103897,control,22.637543074933898,25.433108096474648
103898,treatment,85.81797142465831,74.01587926540418
103899,treatment,37.27007900303492,32.01570113012781
103900,control,56.420920183296715,58.388298555301674
103901,treatment,62.8463429300099,66.31016641377498
103902,treatment,63.250522595625604,48.2579972420171
103903,control,19.553715387838807,5.228452771273535
103904,treatment,45.3788064020102,52.14767200630126
103905,treatment,17.635454609632156,34.263238434757646
103906,treatment,98.92635717820647,97.85462766025623
103907,treatment,18.102494719687996,34.86822275340539
103908,control,29.043195622603598,55.087484073649776
103909,control,29.187982903169907,47.58095552272138
103910,control,20.066790465542393,63.000887669628625
103911,treatment,77.05187819513091,112.80661557719573
103912,control,98.44895802166991,63.079207385017185
103913,treatment,40.48501761374765,15.298351139396242
103914,control,23.591537063111797,30.095875117491776
103915,control,5.261490025479574,23.116485581295407
103916,treatment,45.11782562955797,46.83450491183329
103917,treatment,43.672691536771126,56.06201309056198
103918,control,36.974077472797106,36.6555914781475
103919,control,54.427505079524565,44.140523099057475
103920,control,57.90346285630973,48.74582612115288
103921,control,56.46166515875801,52.19827024464211
103922,control,43.67750256063026,56.416746371454224
103923,treatment,27.967563408514764,28.53669837462551
103924,control,63.31666195613432,56.1647998441082
103925,control,50.25027518843061,57.73096620493026
103926,control,67.767150496693,60.69553372531924
103927,control,65.80151098944462,76.62382525933197
103928,treatment,21.564758619057688,18.00964486695339
103929,control,21.315555850847936,13.453987395561725
103930,control,34.889185625189434,42.69675254960392
103931,treatment,28.874691834186642,41.00425252106684
103932,treatment,65.10503551952202,51.386438062196746
103933,treatment,57.02619351975835,74.54374161283071
103934,treatment,71.98367987570622,93.45228034760999
103935,treatment,57.92973634821837,49.14157172726003
103936,treatment,54.172991637467376,74.30488225222952
103937,treatment,73.99459560688341,37.983300119162294
103938,control,59.39454679470097,71.28153729863524
103939,treatment,51.36201926875437,41.174379570088746
103940,treatment,79.6090606786137,86.61902339907088
103941,treatment,52.3036176630558,40.51122724659308
103942,control,43.913187901641564,44.52888600357905
103943,treatment,33.24353482444701,28.215829110013033
103944,control,64.06050918090823,57.71600620283942
103945,treatment,74.74101083684937,94.26337762109364
103946,control,48.9882519713314,47.81330614424641
103947,treatment,76.15831247559677,99.03540079791516
103948,treatment,10.59969936056848,16.845954073743563
103949,control,48.890932503841704,68.90239148236492
103950,control,49.198101757911274,27.892684593087157
103951,control,35.46011255185306,35.30492586939616
103952,treatment,97.67722075963746,80.16584708698119
103953,treatment,48.676147346224774,70.84904355637059
103954,treatment,41.84538456791134,47.83464951857384
103955,control,50.5192422686701,22.76668778296874
103956,treatment,9.943725229483405,4.126407663865233
103957,treatment,34.802641493101696,26.705718750020438
103958,control,69.66479938890808,77.10492349291874
103959,control,37.42109290134451,51.215067702510375
103960,control,33.42249674399457,33.592961589996214
103961,control,76.190512730288,62.3867820197387
103962,control,76.80508801903657,79.58074165157885
103963,control,60.33980944322283,42.812671069019174
103964,control,40.897653319226656,49.22763148164868
103965,control,45.210578697673526,51.335883916328015
103966,control,33.91700076850082,34.30527169707019
103967,treatment,30.104537619427102,41.839188201576334
103968,treatment,29.111670233831354,37.184334017871706
103969,control,37.63891186429585,47.3094253002279
103970,treatment,29.3055801863051,18.3306704809513
103971,treatment,18.72589762913702,36.173520325030765
103972,control,54.38805339507812,66.87169911366503
103973,control,54.69191161786874,57.76472192213367
103974,control,84.01585516856633,83.46522950639263
103975,treatment,36.633232632905944,40.02082858393843
103976,control,55.92201179246541,66.23273037327412
103977,control,56.254251585496036,55.55382706110152
103978,treatment,44.92324877748934,32.50660081771974
103979,treatment,64.88667177499352,73.51544366693885
103980,control,65.50458373701429,40.01071491868586
103981,treatment,56.5482219039508,60.15199082393059
103982,control,44.88720589904409,41.082613878019224
103983,treatment,42.8493978289093,40.208901922666755
103984,treatment,22.644922024058815,33.2588888210722
103985,treatment,33.881644427646165,30.028232516837924
103986,control,37.55984952196624,47.445735808544086
103987,control,27.520564751411317,33.891772389677065
103988,treatment,58.798479333753285,49.93282809400964
103989,control,73.9325573797402,85.65186979425464
103990,treatment,31.838751353417,40.58808281347839
103991,control,55.66882871489274,62.596333519312495
103992,control,29.317777209405797,53.228040348550294
103993,control,43.90155658121676,63.94878841992487
103994,control,36.193408416444484,47.31489693571431
103995,treatment,62.03791297212883,56.52464306846592
103996,control,36.42423652315644,20.90497404081439
103997,treatment,70.23320827413293,69.40916716449543
103998,treatment,45.08558452675602,62.294177838289954
103999,treatment,37.00792580810338,46.443088845774525
104000,treatment,24.933894753096737,0.0
104001,treatment,55.06409020590699,66.80790808862929
104002,treatment,67.90436804452361,77.2508515834101
104003,control,55.466425130737484,50.11502377818738
104004,treatment,94.77663332828848,98.15727098675637
104005,treatment,78.59574904940837,81.25401337922875
104006,control,43.849444705659685,36.31868105712546
104007,treatment,43.639451323858616,63.54732146784804
104008,control,59.39393438970706,40.27830713701973
104009,treatment,33.239616391486294,38.172436476351095
104010,control,73.32576613064973,65.4173792237027
104011,treatment,57.232010436871676,46.00448746087275
104012,control,55.129178217170654,57.86569878100615
104013,treatment,63.73907335541632,79.13885618668066
104014,control,84.45659766738117,92.34852171727314
104015,treatment,53.4191070437501,63.63750800743233
104016,control,47.739192582572315,25.869448456716793
104017,treatment,80.17439246645156,56.45780659201171
104018,control,69.35100831982271,66.71146707216809
104019,control,43.580403192325555,44.732415370088525
104020,control,50.1037289731804,43.48881994679284
104021,treatment,53.907618318775974,79.63577047742149
104022,control,57.236258892099656,56.82759236428497
104023,treatment,22.86800298121772,38.326448341632016
104024,control,19.150307843968797,39.931338536536785
104025,treatment,32.252199559950924,38.91618162133813
104026,control,30.705231139773154,69.80545399384992
104027,control,37.12351972054995,27.90268353012201
104028,control,62.69421284180009,51.50308611354319
104029,control,46.62141687350523,34.99365075387214
104030,control,53.92789210020376,73.61794512545775
104031,control,25.51393179915477,42.246047615867944
104032,treatment,40.767155941581095,37.376913773718215
104033,treatment,61.745153234896804,48.88085466800092
104034,control,61.899049163536034,77.24466616090321
104035,treatment,35.508523436241845,45.41607131245011
104036,control,53.23324772759107,71.08301174377196
104037,control,93.97695706964664,82.18701668378505
104038,control,49.64804141488724,56.50300731108815
104039,control,36.13626107715109,43.57383437026166
104040,control,46.524752212756795,39.13734725371528
104041,treatment,51.84354215053666,50.9758086271463
104042,treatment,46.97663238618901,33.565613660264134
104043,treatment,49.372905986469966,57.56609837326405
104044,control,21.131064061263206,38.41867238941481
104045,control,30.747390498280975,48.65914434043042
104046,treatment,47.01329525857005,58.07753156888052
104047,control,46.69464059955126,45.82491976594021
104048,control,38.676214502799986,62.03780272183095
104049,control,46.45972827847126,59.14892796527597
104050,control,51.22029710828411,69.28396382162894
104051,treatment,67.7882691304905,84.03992035328307
104052,control,48.015765295478985,46.8502967081219
104053,control,57.982064105965065,61.117710987525314
104054,treatment,39.16799397132158,53.62252972720837
104055,treatment,61.44191447196964,44.87971889913567
104056,control,57.51460595224714,40.727500722406205
104057,control,67.31634006359639,45.79897759333245
104058,treatment,64.26920924888975,60.77187718202883
104059,control,61.774712457622925,54.421664111170806
104060,control,48.031651826844396,29.531601634788043
104061,control,54.898784540889366,55.64991203942732
104062,control,71.27017856903052,64.6877145554454
104063,treatment,36.95850861194411,57.35844885883022
104064,treatment,37.43184442606269,68.70309350834847
104065,treatment,53.62862795900724,60.259741402189604
104066,treatment,58.30559380530907,48.513639777820174
104067,treatment,33.51787001471991,47.693761857357124
104068,treatment,48.504748731733834,50.50162765665975
104069,treatment,48.120024515424305,46.91345986150765
104070,control,5.694397687930589,5.3728867860669
104071,control,45.60812021482481,40.565036274148206
104072,treatment,46.853643343030676,46.788278501406865
104073,control,46.79414114353962,58.23280127662493
104074,control,78.31828549154537,77.99894711541731
104075,control,25.68403402982249,55.913127890373396
104076,treatment,33.50754857590775,48.05131564683118
104077,control,0.0,18.112894264694585
104078,control,40.381666676517185,38.73520305270363
104079,control,42.08712891747998,30.341001466100412
104080,control,39.800456473314874,34.81136075023582
104081,treatment,72.1535467896752,58.85716479457611
104082,control,67.21235044673926,29.031649979767828
104083,control,51.55713448534608,37.82490655837442
104084,control,42.58773892920276,65.6360470805746
104085,treatment,70.52379336213727,71.76896750507767
104086,treatment,49.60484280328297,46.222689682830314
104087,control,33.63459922163084,42.997341975521856
104088,control,15.67502645030897,0.0
104089,treatment,41.17371012208635,48.61208460745869
104090,treatment,65.09287234345217,79.71928840807576
104091,control,95.53077379086179,82.54586696413357
104092,control,51.23220692378952,27.482937131517776
104093,control,34.69288969759391,33.04374871025432
104094,control,26.30069583431572,49.148567377845254
104095,treatment,61.03909792611198,63.20067221366995
104096,treatment,14.70767895231463,6.268280250254861
104097,treatment,61.00690202809776,91.07596654577586
104098,treatment,66.35423212525825,47.17934646554614
104099,control,58.725589064657285,53.33060164702806
104100,treatment,45.60676656122885,34.48174806439354
104101,control,61.29881307093629,44.769091357086126
104102,control,53.418767422566,46.58267853064646
104103,treatment,34.43752316278817,48.24361796932466
104104,control,87.00824644750051,94.8283111514246
104105,treatment,42.966412407789676,41.11628456861077
104106,treatment,65.51504600899818,49.77334134250759
104107,treatment,1.6277143460857104,21.55258875746302
104108,treatment,75.52941765561857,77.36678976633874
104109,control,79.37527489309164,75.21133619451595
104110,control,50.59667574253277,54.09520166445304
104111,treatment,61.17542069475517,58.39245140608799
104112,treatment,61.17030363215125,61.1761414847301
104113,treatment,37.144328607185514,39.45522789682826
104114,control,60.942446108786804,72.3648283014257
104115,control,33.82739060254889,67.35029118014626
104116,control,37.824861527093475,43.24523395365106
104117,treatment,72.53886286424597,68.31720447975013
104118,treatment,69.49315381400405,69.5045930791294
104119,treatment,35.87248995768415,32.200880130615516
104120,control,35.32847312997919,49.11606748891756
104121,control,37.08806795084656,46.15226627682074
104122,control,64.65279132930982,55.427295476019616
104123,control,30.00030438379206,46.933450633591555
104124,control,57.13425278071905,55.60190060802239
104125,treatment,64.9369362126859,49.87005904426198
104126,control,48.235090994138,53.32760785787317
104127,control,70.20127393729855,68.28607158588015
104128,treatment,43.91379661020415,59.64048530386516
104129,treatment,45.72288798012171,59.29249815195275
104130,control,30.45507537736287,33.89637799570304
104131,control,70.3435469524041,59.01253705954025
104132,treatment,34.66959106042259,40.0252609403249
104133,treatment,56.995436354301184,61.55270198924966
104134,treatment,48.5736786574813,56.82972788913655
104135,control,28.94433873776675,38.1955627775601
104136,treatment,37.81793712353358,41.16278518797417
104137,treatment,77.65744478081467,85.42973327370072
104138,control,54.03315085268961,44.10468753776409
104139,control,29.81699317266316,67.66216955048084
104140,treatment,56.106565746973835,66.17439660386219
104141,control,47.0777193681091,32.89305960786561
104142,treatment,119.08092804488363,105.76104975952592
104143,treatment,55.70247682684545,65.99849977449165
104144,control,42.387503058672706,39.668908449133355
104145,treatment,78.40055835574208,53.02152214627411
104146,control,13.179276654143088,8.638933561781226
104147,treatment,51.886403127621946,60.08601793682199
104148,treatment,89.88856989362145,58.2050332566496
104149,treatment,47.67601431280492,30.583984228873884
104150,control,15.333979107038424,31.102140507906128
104151,treatment,42.08164071178805,42.61718112259655
104152,treatment,79.09036081918075,64.11346122433594
104153,treatment,57.521391926415426,50.59635280778961
104154,treatment,33.22287780974965,19.460120488988395
104155,control,36.29514385641952,46.130074386194195
104156,treatment,38.80599457700373,32.43492759216229
104157,control,57.22395768107992,48.33063303696747
104158,control,76.76392265877305,74.660478142996
104159,treatment,71.04846025598341,63.89148200007123
104160,treatment,59.12024364218257,49.01849564258169
104161,treatment,23.367104798850335,5.207531996659711
104162,control,23.441349720131175,34.941599357217314
104163,control,60.66504042427527,59.04375905628051
104164,control,23.090578041342113,22.973540808535784
104165,control,45.48865957862792,32.892994467040225
104166,treatment,56.08300892372354,56.231088415942644
104167,treatment,27.248120092746223,40.792134021262484
104168,control,29.51475331282273,35.92929342677697
104169,control,48.11757870864363,70.2577540237418
104170,control,60.07300575048107,66.87804463422155
104171,treatment,71.23037540827514,66.00355968040559
104172,treatment,62.141068695411036,70.37231145592636
104173,control,51.47313189984389,51.748590359145844
104174,control,35.07610492885901,39.404922644288916
104175,control,28.581860083109618,51.08567614409375
104176,control,39.782458233417046,30.45665463255197
104177,treatment,58.198711699611344,57.95739143421781
104178,treatment,56.732474132546855,72.28773959589438
104179,control,8.001960285497553,22.58903108611215
104180,treatment,34.28645943464994,34.832732476528726
104181,control,74.09015103212312,45.49724109347052
104182,control,51.584300956082785,21.154358722659637
104183,treatment,21.65982173794028,57.710161827540915
104184,control,97.11642363196303,89.41854550173858
104185,control,49.42116535370471,41.839312647803084
104186,treatment,57.68667918626816,61.887889502580265
104187,treatment,57.99049512090269,44.95632087128655
104188,control,42.64809067679628,40.10468693811002
104189,treatment,35.448526363572114,28.138923380705247
104190,control,92.43349970131881,63.129272579716655
104191,treatment,70.06411739235502,38.70175464315672
104192,control,66.43874402217352,41.19403731602278
104193,treatment,61.52578383436421,73.65470507783195
104194,control,29.93365219276631,21.895017930887555
104195,treatment,75.55060383480547,77.73891040650697
104196,treatment,33.137346839765016,51.508265559371225
104197,control,55.665735963012914,54.46863059163304
104198,treatment,17.21220189070862,22.9594784508346
104199,control,9.182822987049605,21.14684507222574
104200,treatment,56.3658240530623,50.7629986350598
104201,control,33.81801465610184,53.78973353452204
104202,control,10.216648574054538,44.986696219415435
104203,treatment,60.81219005894151,78.78835029921069
104204,control,92.40161542101578,53.33870531955914
104205,treatment,77.79120517160123,66.56208327757865
104206,treatment,44.85364229468655,47.69525195543063
104207,control,50.176906133938914,56.25836062988838
104208,control,67.75412513567827,40.465370338028094
104209,treatment,72.44256039669814,45.268328546581415
104210,treatment,43.12928562348603,63.63416768440027
104211,control,50.68355431449149,43.116212384601795
104212,control,56.012296135290725,34.83268575122594
104213,treatment,61.077526405576634,45.20834923429544
104214,treatment,47.33847115977466,54.669347367234856
104215,treatment,47.598295098625115,38.81743822459913
104216,control,77.59664659508776,73.89389174429219
104217,treatment,74.19041404885772,56.69546452083652
104218,treatment,59.54821146872177,35.587559732614835
104219,control,84.38218140045856,94.62941447183
104220,control,42.27108475547166,49.470870965831246
104221,control,82.45946897258762,69.9294928359923
104222,treatment,60.85030887071101,52.74076435964321
104223,control,115.42052244429179,118.44420219351787
104224,treatment,26.150361464350446,41.43797806572144
104225,treatment,36.21309495565317,56.33073162672122
104226,control,58.375956564010956,48.56043908937896
104227,treatment,57.944681059579835,58.12876612022101
104228,treatment,89.00277968350036,86.07267630915818
104229,control,36.63250633400932,32.69764941479085
104230,treatment,68.09837037387769,63.810006767182536
104231,treatment,73.24926009363992,61.21650596074514
104232,control,64.09295664441295,65.84877445822909
104233,treatment,30.7800731615136,19.60465316393134
104234,treatment,78.15517610508397,80.1828342203757
104235,control,74.58649862630827,72.55022327411311
104236,treatment,61.99169039580755,57.80424876761136
104237,treatment,54.086953744179084,60.511768195409374
104238,treatment,54.52216020088743,50.063911598755354
104239,control,48.425284155212445,39.95396667915256
104240,control,62.81570268505284,66.8045979482509
104241,control,50.622697058899554,58.23248816292695
104242,treatment,33.02950049294718,32.06157087274513
104243,treatment,29.02816710344816,27.925780928926457
104244,treatment,34.95927492695416,37.798944522469206
104245,control,54.44264485098903,46.02963524000301
104246,treatment,49.460883271295856,71.27109187597526
104247,treatment,54.306875865774984,58.916737078078356
104248,treatment,60.01626267092222,59.20533993843863
104249,treatment,37.453581481662425,29.751394501244654
104250,treatment,79.31320336690696,83.26081401698066
104251,control,44.64578345905051,37.893565264880564
104252,treatment,41.33146030436982,36.36355995784463
104253,treatment,59.64772474664905,68.9565248488998
104254,treatment,13.26979595249854,29.076144948720994
104255,control,34.18931100554161,5.024484283896626
104256,treatment,69.62145597383666,64.12898095499209
104257,control,15.251561418757788,25.59913956720932
104258,control,72.35148393866311,62.27117808204483
104259,control,80.22273132718269,74.78846038911664
104260,control,42.610893243525034,20.5182479010719
104261,control,55.8362553485262,16.926309199611715
104262,control,72.38174169702053,53.88207441991535
104263,treatment,40.66421623912961,48.23194064164542
104264,control,67.35551041052364,20.354471959217413
104265,treatment,36.57702409738657,30.273702506328394
104266,treatment,40.44795413333641,18.900228824386808
104267,treatment,34.013270713500525,36.30033692227152
104268,control,56.85294398389607,81.04028063126745
104269,control,73.15938105131099,64.49656742541171
104270,treatment,46.317741357656715,47.316177048355954
104271,treatment,24.575016801751936,43.53324441069613
104272,treatment,28.345863554263687,35.54125693200575
104273,control,57.89198842741081,53.0749175313254
104274,treatment,86.88232826788538,91.42011954441055
104275,treatment,57.87449998628795,63.64835522542168
104276,treatment,42.262068986974946,49.5147116755885
104277,treatment,65.32367933700569,61.15687064972869
104278,treatment,45.210027288265074,43.32951473497476
104279,treatment,42.434295652715875,57.958752099896614
104280,treatment,30.830817886094728,32.6721313262233
104281,treatment,78.16897688492712,88.91467726273645
104282,treatment,0.0,0.14755564256804554
104283,control,65.95718400558539,80.93506689127422
104284,treatment,40.72510124404926,50.78832927656805
104285,treatment,41.79318537096775,32.53237631584237
104286,control,83.84630312235625,82.11788179012034
104287,control,35.71737815599897,30.685334887938996
104288,treatment,36.398616919431795,41.741174282654704
104289,treatment,47.392115221609394,43.106614485698756
104290,control,58.27694771624476,54.44944812462595
104291,control,41.16288435414261,55.82612205060212
104292,control,18.522821389282292,33.251380459308535
104293,treatment,32.68603638236469,23.627342483274735
104294,treatment,75.62667712929039,56.5904200426616
104295,treatment,51.49553578271023,56.20367646635177
104296,control,59.02174567407644,61.30624821018229
104297,treatment,44.77157585653925,38.65661345013272
104298,treatment,36.810046076534604,62.658659684486494
104299,treatment,83.55138899750821,87.42506823225837
104300,control,46.23616285897839,38.90152469979459
104301,control,41.13260240945746,33.794912063375435
104302,treatment,71.9228473271068,64.92844995103178
104303,control,35.55279282265229,34.774573401079095
104304,treatment,38.10545312452007,59.19649152311234
104305,treatment,50.20493368033796,64.67771499312562
104306,control,50.00540208176359,50.467977617946204
104307,control,55.19222695806429,62.862017851051306
104308,treatment,91.83338178790976,93.76197526130616
104309,treatment,56.72496492704741,57.31444068625936
104310,control,2.4389207449839887,19.655335052737307
104311,control,56.52597886863122,62.754846652763
104312,treatment,50.757599889791976,58.51861733047715
104313,control,50.869000487029155,40.349144114012134
104314,treatment,54.91894618792341,46.223952245844515
104315,treatment,49.426434246504016,47.25207716226747
104316,control,48.94775813889222,39.86252889031506
104317,treatment,62.26088419541572,41.208374289657904
104318,treatment,39.15838405610998,52.31079197657051
104319,control,31.046273287216486,40.36725374454782
104320,treatment,110.47562905244783,79.13856741322539
104321,treatment,35.68285112437533,37.575109813729
104322,treatment,52.00285824920153,50.56427147386741
104323,control,20.086794982492652,29.971994788224837
104324,treatment,52.32936830102844,38.934537540872554
104325,control,31.3354889862133,18.089956614379393
104326,treatment,41.150541142999785,51.73821469112035
104327,treatment,70.90129331542248,46.883559961151924
104328,control,59.440191367561475,54.00229481673989
104329,control,61.36819049149638,54.21254715998188
104330,treatment,14.575903232162744,23.30102919121095
104331,control,86.73790339658026,80.89656743523733
104332,treatment,26.162373781162497,54.76888187539118
104333,treatment,80.5712162858773,53.269119280653165
104334,treatment,70.43087731962973,78.41924234857352
104335,control,61.5466548356936,25.427265758028362
104336,control,32.90030438183237,55.612293782518066
104337,control,53.03179689639046,25.249226491993657
104338,treatment,40.5815717871028,76.66665037958353
104339,treatment,50.58079143010583,46.779449843329466
104340,treatment,45.0025548182888,64.82207948779558
104341,control,9.227789868551838,33.76287850310322
104342,control,72.43568301969177,61.05255433684868
104343,control,48.377856869012774,44.02435782338805
104344,treatment,40.30399200995526,33.15342188608298
104345,control,38.793455343404645,52.011019758369095
104346,control,57.169191527335364,49.774937185851286
104347,treatment,32.12487323411055,27.259521210180242
104348,treatment,4.896488830519132,24.77986018807207
104349,control,58.142596064165524,44.23841831759652
104350,treatment,60.382059959136434,54.93451832075285
104351,control,46.00736350644734,48.42240004187707
104352,control,27.041942496199823,24.28291355475209
104353,control,51.77871081778571,44.831455278359336
104354,control,20.709352633728226,48.33793355968038
104355,treatment,29.45538806624681,33.38976330508528
104356,treatment,34.986041269916775,35.48211345072926
104357,treatment,66.87878141783112,61.84239824514489
104358,control,42.747780991261656,50.572710151652494
104359,treatment,41.04267176447079,31.105272853870893
104360,treatment,89.09385030822492,86.47191626051749
104361,control,57.04924994377428,58.67112047406086
104362,treatment,56.77989020949652,32.92323101983821
104363,treatment,42.6059850958245,69.69025939738697
104364,treatment,38.072566647264445,61.87917195349927
104365,control,6.271871199656985,6.613451255245902
104366,treatment,69.37481063847116,51.18280056042199
104367,treatment,58.96619411512758,61.24148332256958
104368,treatment,46.41668013573173,29.950111785906312
104369,treatment,47.25546596327489,67.48936653956024
104370,control,64.72288524522111,54.845103506215835
104371,treatment,18.905798538402937,49.63383793813564
104372,treatment,38.20237336892389,31.74594853646525
104373,treatment,27.27394274214939,32.97116298165039
104374,control,85.43018564973492,93.33628631354941
104375,control,67.513110637066,58.85877659258815
104376,control,5.9461471772927155,20.559045814154867
104377,control,19.724767467200486,41.748092276777754
104378,treatment,47.35308653285028,42.15899853934461
104379,control,40.55119575855151,26.222157553723648
104380,treatment,23.512355838462234,12.337339515623746
104381,treatment,88.89524475300979,88.38952337347372
104382,treatment,56.25079827965158,61.33115334530132
104383,control,59.49632645726183,71.16672850338782
104384,treatment,36.15970101535572,37.49450488882422
104385,treatment,64.44548294356005,43.407237332242076
104386,treatment,42.391344780359766,14.669521090496229
104387,control,44.33313652585001,83.6894305711132
104388,treatment,62.2200391965052,67.63556573300745
104389,control,17.420048698794005,27.37462136408329
104390,treatment,81.94055719701964,79.14147545358975
104391,control,53.64778429447752,33.801003726539236
104392,control,75.61888417560849,58.698995070611346
104393,treatment,28.491604867623632,58.430793509473865
104394,control,31.53669751943614,44.86163911297371
104395,treatment,26.761995568003755,23.970049157028004
104396,treatment,55.005953453296776,39.02522377642076
104397,control,51.31966603836492,44.16775770453183
104398,control,40.71176361537639,38.86106746933288
104399,control,29.71861614229441,61.89661616124192
104400,treatment,24.668074605383154,30.010512670074288
104401,treatment,49.03032199058688,35.03645053069445
104402,control,40.688264408227994,42.24096190440667
104403,treatment,36.28786015283475,44.712764361005576
104404,control,80.9417897226322,56.26630335931884
104405,treatment,48.353486436145324,55.58526477732398
104406,treatment,75.4008586785385,86.5430988373509
104407,control,39.33495634634607,43.83566590709813
104408,treatment,54.89552567597314,44.627463404428916
104409,control,48.890479674873305,42.17156148823234
104410,treatment,16.04755380963755,4.091328056757
104411,treatment,78.56676612527826,71.1546008634916
104412,treatment,47.29692785935168,53.58392828569046
104413,control,64.9283643926592,49.33493910973905
104414,treatment,34.95942555076881,65.87939025134428
104415,control,46.70311236840471,58.00820684540087
104416,treatment,32.66295280153291,14.780999626301035
104417,control,74.71996965526787,45.09514730284063
104418,treatment,56.22818694901351,43.153728881148176
104419,control,57.34107053361776,76.31708966261846
104420,treatment,77.16368294209957,83.65854862532377
104421,treatment,73.12682593798046,90.32481280443486
104422,control,65.3068507227257,61.61519420858649
104423,treatment,21.565453059250746,27.402806473886876
104424,treatment,36.08641760966633,24.561813915697694
104425,control,29.922237279772943,39.567561473863826
104426,treatment,64.55067387251599,59.81794448033777
104427,treatment,53.413038835001025,50.95535784806184
104428,treatment,22.189751327388105,52.04711416596463
104429,control,46.22511573977545,45.4974415827008
104430,treatment,20.11775328562443,46.69554446717734
104431,control,48.936870238604804,28.194399595020982
104432,treatment,16.892549920256307,62.229794762121436
104433,control,60.57654986769226,52.99450833291443
104434,control,57.55925252068147,65.02460467421703
104435,control,88.15896986693764,90.07894086281436
104436,control,66.95746578994685,56.138688235172104
104437,treatment,41.54171488354994,55.99103583553791
104438,treatment,66.36140186548971,75.29334038102346
104439,treatment,22.04672238109643,21.101026792720603
104440,treatment,30.750547926378292,27.78558100688805
104441,control,56.6628506415022,55.5964909193013
104442,control,6.835006745041454,16.098413741238584
104443,treatment,49.25678430132234,69.37196711387898
104444,treatment,29.594734157631585,45.49147697603278
104445,treatment,52.02614110306527,52.087989571114846
104446,control,28.44527283905473,41.851612398581935
104447,treatment,58.48496274910377,30.78904674245295
104448,control,50.386548473347794,42.15011227901779
104449,treatment,78.00731833762661,76.31300280377812
104450,control,50.13469068203244,64.85591670626516
104451,treatment,34.627143900770676,42.61305782095834
104452,control,45.062282883454344,65.58740089277276
104453,treatment,23.115272059665372,42.81821913122681
104454,control,58.1227450941088,49.63206775074072
104455,treatment,61.79700492630545,58.49532236912205
104456,control,99.38392073385636,92.44085160955682
104457,treatment,37.56328018791191,36.23756963013437
104458,control,44.644108526496346,66.24014637408804
104459,control,38.48482951123569,26.69655401634977
104460,treatment,54.242274022624485,58.86340079519983
104461,control,57.63381068959227,65.45440487376348
104462,control,48.93250311142978,45.05286341699254
104463,treatment,71.72651833746065,60.667243549308104
104464,treatment,37.66040992490445,41.23884649452794
104465,treatment,69.72348095781425,77.03434136728005
104466,control,60.769957072821654,51.46510033065459
104467,treatment,49.75940160202107,37.17905304306592
104468,treatment,43.70126718485709,61.996756299744106
104469,control,98.53335517462739,91.68221221483454
104470,treatment,33.65982698515841,52.57757082928796
104471,control,55.958663539368295,64.5140122721951
104472,treatment,34.99561859515735,69.08393892318148
104473,treatment,85.71241497242612,93.03400485435145
104474,control,67.73652657598407,53.72372268126115
104475,control,36.433002423177115,46.04581227165603
104476,control,60.25189986862457,50.31404232844501
104477,control,55.153914425531106,47.85791135233492
104478,treatment,39.667504760505224,25.06500463634299
104479,treatment,65.16328434456346,59.08754162824132
104480,treatment,57.786107822088205,64.54970678389535
104481,control,54.31397427771905,52.36209564370772
104482,treatment,49.161605775153426,36.327927360174016
104483,control,58.62108985199303,36.318165410720965
104484,control,54.58775322984919,81.37791068520758
104485,treatment,51.18186666050035,56.68787243870674
104486,treatment,37.179681680248734,30.983350830802515
104487,treatment,83.87532481524985,83.01531458112152
104488,treatment,28.991601133029057,64.70391052737081
104489,control,58.5527243775949,64.62248879069296
104490,treatment,43.59518515397134,9.826946522937334
104491,treatment,85.190945388986,112.97973009582535
104492,treatment,31.930349255523186,13.48453044309316
104493,control,35.29473476479336,36.24576920071642
104494,control,30.603638734763493,20.45919948718183
104495,control,56.46930101901221,45.06266800099819
104496,control,22.538986808627165,33.16662659108177
104497,control,40.42943010484468,15.425006760385966
104498,treatment,6.952683542914301,18.020675776551364
104499,treatment,54.808427082561806,70.28423390796125
104500,control,39.99570282487475,31.341756147055847
104501,treatment,20.238865121362938,10.787406240544847
104502,treatment,71.71218805948118,65.94130776127818
104503,treatment,23.846662032301214,27.40915931977104
104504,treatment,65.93887380056431,55.58003340457652
104505,treatment,35.97918352024391,25.26404669574974
104506,control,82.03142755790851,80.8917371002199
104507,control,64.99101077852292,69.11785416302153
104508,treatment,29.839042582519436,22.28210071278982
104509,treatment,31.658348955793873,25.477348987346318
104510,treatment,62.110504104486196,62.388497438816984
104511,treatment,44.75243738579667,34.798952891719416
104512,control,46.61314985957269,49.82333826946665
104513,control,75.44477723544196,88.50401306553032
104514,treatment,35.02622253260087,39.4782872129946
104515,control,51.82587544350909,35.31477110622272
104516,treatment,69.09255587304612,71.00645861534473
104517,treatment,66.182349767712,61.28661115806725
104518,treatment,46.80774664958655,47.11941909314882
104519,control,44.22188238294684,51.95434235770035
104520,treatment,15.223690749581365,34.55933363416315
104521,control,28.875100146696084,34.625974614255206
104522,treatment,56.36718453149467,55.472663261174
104523,control,47.242356221155276,75.22985518514722
104524,treatment,51.49854157132453,68.5057427615575
104525,control,70.78507219268121,76.6155828180295
104526,control,26.25353781875451,33.925844880725876
104527,treatment,45.276393955347004,34.6525630416929
104528,control,53.77421926822436,67.74458449447444
104529,control,35.91680124850968,41.34643307567302
104530,treatment,78.62954227854834,65.3369283337692
104531,treatment,68.17173603226294,61.9123561549348
104532,control,55.80266654177511,41.570605949569675
104533,treatment,85.88463558657173,92.40062519846137
104534,treatment,20.022094407797155,38.052302096723864
104535,treatment,49.84547437788636,53.78687739951739
104536,control,57.32673937868122,54.92905459644237
104537,control,31.70889906412156,27.277271426167996
104538,treatment,56.01429083635457,27.832505677831303
104539,control,27.86835012424244,14.709996646797851
104540,control,63.811146365485065,50.53408537066795
104541,treatment,71.15669536257813,55.55468664218482
104542,control,55.44666802256657,57.91288227666704
104543,treatment,12.944043698701087,34.44308593275894
104544,control,30.664129576679308,33.79900602351185
104545,treatment,61.294200064263215,78.60886918959062
104546,treatment,50.42397287024732,41.46121631255646
104547,treatment,0.0,12.207012346039079
104548,treatment,74.8566076773648,69.46795877591768
104549,treatment,52.73313012507665,67.99811465100991
104550,control,33.618506719999104,39.11463447121796
104551,treatment,69.89911195133328,68.19128461754818
104552,treatment,36.44919974186202,19.44538310070442
104553,treatment,36.23095764791571,29.2685714572859
104554,control,57.167053020280726,69.87337559020854
104555,control,85.6207691848459,49.261379314534395
104556,treatment,82.47174355945774,93.61993052418552
104557,treatment,57.194229978082134,63.50561236727697
104558,control,59.247713177006396,47.047007209919045
104559,control,65.8299786416965,50.86551063027471
104560,treatment,24.86032649261302,57.72637597092735
104561,control,62.882966743039646,78.33336887196526
104562,treatment,35.31853063712944,38.90884508831821
104563,control,56.369561335931614,56.55765222523412
104564,control,45.45064744785326,38.03980967182066
104565,control,60.02416654228429,59.30114933693281
104566,treatment,52.3620693001292,44.35664413727952
104567,treatment,0.0,12.960973454080928
104568,control,53.57783423410361,76.63178232543427
104569,control,62.84305904598526,58.36743933940404
104570,control,58.91856696676908,42.82489889305643
104571,control,47.948281075828405,30.385807620080033
104572,treatment,82.84323383860811,77.8140352449894
104573,control,56.22746258243322,44.60490017391494
104574,treatment,58.75346600386213,61.327352433961316
104575,control,70.88983788101137,44.243366251168474
104576,control,57.25185999393197,64.57004598803222
104577,control,32.03964493171593,22.505070701332105
104578,control,1.2332517244075518,14.037393965464249
104579,control,40.457581959638375,38.367855564332906
104580,control,65.21891051762233,84.14633213755795
104581,control,42.93807337164388,46.97214355590568
104582,treatment,66.0235674456346,89.2538503710438
104583,control,52.97456351840546,59.648847339477356
104584,control,75.76132140524369,88.17733899272014
104585,control,44.09566585758678,42.8096087512332
104586,treatment,59.35229653135376,63.08479812934449
104587,treatment,60.11770129070719,75.20941533486719
104588,treatment,80.03203745262385,85.99552294160384
104589,treatment,15.86725387331444,32.924821214602375
104590,treatment,40.83183450893685,40.285705812743245
104591,control,66.97032210777007,60.627325997550706
104592,treatment,80.91792959557296,89.73830019669413
104593,treatment,54.801430252841605,72.90580494417941
104594,control,44.14591671157026,37.76660081731256
104595,control,65.1423673734889,51.517769122538084
104596,control,67.37405350463366,51.069974350006646
104597,control,42.80676642665386,55.580982279286175
104598,treatment,56.606146243550924,44.1588108915447
104599,control,73.61054524823939,78.52378535324411
104600,treatment,87.80917986548903,87.0756896028553
104601,treatment,64.85209918470584,55.42818707912248
104602,control,50.882777933311864,71.34999759969669
104603,control,48.91849647924184,29.84500524330789
104604,treatment,61.147931143872455,81.81450111573254
104605,treatment,47.686543150411,53.98337082984568
104606,control,53.792809980447764,25.415225827445553
104607,control,28.842474709382504,55.19044419969716
104608,treatment,75.94114392982318,83.81702048573452
104609,treatment,27.19630545702643,28.732520978753715
104610,control,41.35776479093975,30.756270091712825
104611,control,51.95186521703628,30.707096939485933
104612,treatment,89.81973759777277,113.31815244540846
104613,control,41.54634030295345,31.4445612063302
104614,control,36.67968372079207,23.294057317793204
104615,treatment,38.98366165332412,46.781983112536516
104616,control,83.17794335222625,53.216163578832955
104617,control,0.0,0.0
104618,treatment,29.94523975702826,49.621135067365884
104619,treatment,104.62577418319103,98.6102595866605
104620,treatment,61.817641469832736,55.25203696469234
104621,control,27.8803010132156,33.65240027945884
104622,treatment,49.16164035650457,45.017895340457905
104623,treatment,51.349091321357236,51.69166456391158
104624,treatment,66.92250491811211,54.114061367628445
104625,treatment,86.79004005645126,71.41668534048385
104626,treatment,57.77103362558431,49.24976280394167
104627,treatment,39.20423393974079,33.80093895256647
104628,treatment,65.74168884196409,77.11591106849131
104629,control,36.034946062742776,49.71390504501797
104630,treatment,29.333250080219415,23.665930861495458
104631,treatment,14.801822560871102,9.301022207918749
104632,control,18.697432109991983,24.442499658680664
104633,control,32.07109687751456,65.06509760261503
104634,treatment,26.44420464598258,20.23789153414672
104635,control,56.264730547494345,52.565749708445495
104636,treatment,26.011963483519295,34.68263336719796
104637,treatment,0.0,12.562799127915687
104638,control,29.121764508210685,28.279776503863246
104639,control,40.56280704557162,58.20237703832259
104640,treatment,37.8910102425607,48.43018016930678
104641,control,80.39049358618368,83.98182291065748
104642,treatment,37.729148814217,50.09362548338713
104643,control,67.61846926398395,75.03967667019886
104644,control,49.62034800638276,70.67498005403463
104645,treatment,49.15390548654803,68.47348571598528
104646,control,33.29239422303926,68.22356128762466
104647,treatment,48.82434696838466,66.72217168276913
104648,treatment,34.698077462051664,31.167609663110674
104649,control,53.40048628509141,63.759249441261495
104650,control,45.275007347526234,55.85442954176917
104651,treatment,31.107441336167994,62.733694817869576
104652,treatment,69.83788679401191,53.584110527991044
104653,treatment,58.536809600428505,65.2836062258477
104654,treatment,41.03874531715503,35.769345199894325
104655,control,52.9098609407062,58.96273011129299
104656,control,48.323549569960726,45.90183083041327
104657,treatment,32.648181254734524,44.82891202756396
104658,treatment,51.40992458042328,33.90042291097053
104659,treatment,37.57976490385251,52.67822369562773
104660,control,31.101323287598014,38.5519036280033
104661,treatment,17.544653394669503,29.171812628415704
104662,treatment,42.82785292922738,71.91998510290225
104663,control,61.33941319167447,53.44478013161819
104664,treatment,36.106812932422805,45.60785568092985
104665,treatment,100.41417384315939,90.6370870495919
104666,control,67.71371307305465,65.90509664403623
104667,control,76.08660265320957,98.95665495809246
104668,control,65.90486024147518,62.77273367315086
104669,treatment,87.05729949877146,71.78856825789595
104670,control,34.259960330549156,62.94468786755633
104671,control,0.0,8.429660227200099
104672,control,41.07748783294234,22.073604937353817
104673,control,61.16437151095075,48.572837595322646
104674,control,53.03033943495957,35.78195209261664
104675,treatment,55.50945221935567,31.820784202654522
104676,control,76.41820005339744,65.01141292133254
104677,control,57.64115148924999,54.80199370603825
104678,control,65.97825855182043,77.60061030986859
104679,control,31.208745162944822,44.2327595737055
104680,control,28.092126215679265,41.29249659263899
104681,treatment,82.28227846048975,63.895651133827926
104682,treatment,52.01803070294136,64.72008971743713
104683,treatment,37.5354163310773,60.555842752798284
104684,control,37.572110129057634,45.89876486487411
104685,treatment,37.01753756723485,47.35253480346621
104686,treatment,35.820819579083164,24.13530813418982
104687,control,24.337043947926805,44.701657562971334
104688,control,19.99159195558983,51.051867762539366
104689,treatment,46.09991244691162,52.847193001131835
104690,control,38.14148259359201,33.243504202786234
104691,control,72.1431857088659,64.46439876857166
104692,treatment,55.861533065338335,50.33450650928742
104693,control,55.306353601559664,49.21146448906162
104694,treatment,35.137591848910986,48.92520408826428
104695,control,47.57943168440049,51.88153646253691
104696,control,57.22002207262881,68.69584951184403
104697,control,64.32391479425351,65.64951556631098
104698,control,48.12216346963269,37.160813152084906
104699,treatment,71.58247558648418,61.0633237971676
104700,treatment,50.15978617815885,44.17415210237177
104701,treatment,65.8569423703536,60.92593952932728
104702,treatment,40.20295582821699,67.89404738139133
104703,control,13.748232668627168,48.6720652894771
104704,control,55.367179760370455,65.09257843487667
104705,control,64.50648126293251,62.45095830309715
104706,treatment,61.50694663615139,42.11724425227473
104707,control,58.4437332287488,59.24323623821394
104708,control,43.02826068090025,34.32038130918056
104709,treatment,33.865074971088156,60.968583456110146
104710,treatment,61.034565380875605,38.52914286329927
104711,control,58.5289483239655,61.48296088793389
104712,treatment,38.782018183123476,31.521413739328832
104713,treatment,72.18848378384114,68.01548876554125
104714,treatment,32.34268970904799,47.068271220655475
104715,control,38.32953242417919,54.76652430919536
104716,control,82.7285042468333,73.74352229170745
104717,control,67.37163875467826,73.09867749424292
104718,treatment,42.83981388217955,37.36620475191437
104719,treatment,55.74761419287101,59.0588781618054
104720,treatment,53.09584489047677,67.07984157139575
104721,control,0.0,16.893263148463696
104722,control,31.870521010532368,29.400331864482016
104723,treatment,48.98306765781437,47.04591719424318
104724,control,42.86777046881387,58.08669464699495
104725,treatment,54.94205129660841,40.762791838873866
104726,treatment,72.5896462589584,55.95011967492703
104727,control,43.56928430692145,53.1352344801592
104728,control,28.846904077542703,28.325854353134133
104729,control,56.4970331702209,35.65062173743898
104730,control,43.46753332864393,62.97030129316624
104731,treatment,46.878729983561946,34.612702971145126
104732,control,44.16452561693843,42.98518311667351
104733,control,94.83675600021971,75.4320792238312
104734,control,5.185914780041102,12.451453724279245
104735,control,42.23332193734708,32.472576003638906
104736,treatment,49.92621948703216,60.893690763242596
104737,treatment,34.37715015434442,41.24892003941737
104738,treatment,67.99651664256567,78.00990142773732
104739,treatment,66.26515357439278,55.640327209067664
104740,control,49.04490763022919,77.50090644453408
104741,treatment,44.58652489312612,22.24375856302138
104742,control,47.76086331536706,27.351283682277003
104743,treatment,47.904266927043786,73.11933286654889
104744,control,48.43253943748475,55.09538639384114
104745,control,46.24001796966401,51.69612686137209
104746,control,55.048986291847854,59.491975767717946
104747,treatment,65.0642412965573,70.35454289186886
104748,control,25.394797048028465,35.51165198278619
104749,treatment,28.986722015337023,22.962326136101268
104750,control,15.02963941032953,34.595877856734454
104751,treatment,67.32794800715199,73.23591222720943
104752,treatment,55.00646586380926,74.15121729411896
104753,control,60.10535031865541,80.91772845021788
104754,control,21.410035232730632,32.92931402950621
104755,control,85.69896245760276,60.53527472922008
104756,treatment,37.82298183709285,65.81551072342015
104757,treatment,53.364116142225114,40.55422947969704
104758,control,67.08769321356743,67.28661595268352
104759,control,30.26040488407856,31.799033050945237
104760,control,39.07351282974666,36.10849669816467
104761,control,53.583435492017486,62.79831686195731
104762,treatment,107.14946150929413,97.59599265829831
104763,control,56.022494857040485,61.306417884857375
104764,control,82.12722301261437,63.30490190137503
104765,treatment,74.1134629038391,67.28230183856168
104766,treatment,57.36020072989037,46.840159638299795
104767,treatment,30.216084567386424,34.02859385110438
104768,control,71.19507221636471,64.32522760153405
104769,treatment,20.03779316703906,53.42619579657172
104770,treatment,82.01750247354184,72.08173934400254
104771,treatment,54.00010616436511,26.381056853655565
104772,control,0.0,30.955326319607927
104773,treatment,43.18987809936322,52.33555146370946
104774,treatment,63.07895641845881,59.57611216893025
104775,treatment,45.25952253920467,42.16082625395186
104776,treatment,64.30011621987147,49.69843818493759
104777,treatment,32.99951664575409,64.38760395317968
104778,treatment,23.880352544247852,32.59610781890734
104779,treatment,48.57109193904789,27.440032123435397
104780,control,50.6313133457983,54.80907812311263
104781,control,43.03231297875357,60.730386544203625
104782,treatment,74.54582293284385,71.97880334409398
104783,treatment,32.99585249721885,26.819928817374006
104784,treatment,56.26331214664699,43.08680365192454
104785,treatment,51.35939942327251,40.38456078906672
104786,treatment,18.865680957278332,48.278903921353205
104787,treatment,23.619396326629754,30.766520904477147
104788,control,50.23822032497263,27.971228638468855
104789,treatment,89.62399997373927,86.29961416994135
104790,control,61.58539623797622,60.55478848017997
104791,treatment,15.487303497107348,19.677148772642887
104792,treatment,0.0,0.5012874362943123
104793,control,64.66107186008759,46.92179726552061
104794,control,48.07573034143602,62.93161196566293
104795,control,72.8253193902074,70.39327685641395
104796,treatment,32.38564158577117,44.621091705886755
104797,control,57.00424995717052,58.491042174583946
104798,control,66.92346926055725,67.0275160486255
104799,treatment,41.05072723587036,38.59176645259814
104800,control,41.47828859537869,40.885850024168555
104801,treatment,50.50525662196781,67.2892771488655
104802,treatment,60.853526931206574,78.35341415403741
104803,control,49.71331990976178,33.61823253803688
104804,control,69.47992675518972,61.85493966271381
104805,treatment,40.7612962146594,55.673673855568566
104806,treatment,23.432095890737806,56.47164651324267
104807,control,89.5395073622636,103.2277400145474
104808,treatment,37.90732526915107,31.903607540940328
104809,treatment,38.63115832564505,59.84064343878819
104810,control,48.683933578556314,49.78863554979532
104811,treatment,51.343622193079625,66.32405010282551
104812,control,42.266327150234346,54.62769212901168
104813,control,49.65132206101982,33.01781893199376
104814,treatment,49.20475537143652,58.17903811256603
104815,control,53.49638654041614,65.92640527840878
104816,control,2.8502508202536774,14.371059153116619
104817,control,87.617526140157,74.95468455270155
104818,treatment,47.05423372930885,28.499516021348875
104819,treatment,61.61245238893971,69.25274899511155
104820,treatment,22.437973169319516,33.58996121612088
104821,control,40.579994775014995,30.735649574326818
104822,treatment,36.55368267359171,37.104804010528696
104823,treatment,79.3944752901709,75.58974233734588
104824,control,38.283727863282344,33.822739040993234
104825,control,65.16159973880183,61.406614872197274
104826,treatment,36.99159094653609,18.594260231835793
104827,control,40.94762120692112,61.06188702331616
104828,treatment,45.08899669598628,48.02720757977795
104829,treatment,75.676902536586,56.21459699683853
104830,control,12.202946819397631,0.0
104831,treatment,23.686728894511347,45.3792222683909
104832,treatment,11.053896686203665,29.67327980121599
104833,control,28.249957604770994,36.47457821674485
104834,treatment,33.767998976157855,50.75098839033909
104835,control,17.710374918192223,37.1713964921213
104836,treatment,35.31704506770662,43.059957694604975
104837,control,9.705710381331698,16.416344792993133
104838,control,29.640225524646375,29.21190448630529
104839,control,74.008407998204,73.57484555679983
104840,control,58.071761405622055,74.53480901264356
104841,control,53.74935344345055,51.45073408047824
104842,control,29.94442887441771,54.49028181812035
104843,treatment,19.278300819105517,33.39506884364771
104844,control,27.216878489314386,37.948727012302825
104845,control,49.1358034620797,81.16846022869107
104846,control,67.36353559453337,84.88552948253906
104847,treatment,68.04734834270641,87.24142430255611
104848,control,62.61224724966666,48.9077485255143
104849,treatment,35.24886271864112,69.43649568484514
104850,treatment,50.49099664807976,50.7806215318878
104851,control,43.57314939925508,42.17043661399896
104852,treatment,45.976204730104996,19.917981944067677
104853,control,90.74255793919626,84.87334033865531
104854,treatment,14.759995259927749,10.738570669960449
104855,control,45.30646368155478,51.88053827179279
104856,treatment,74.23497814392313,54.31017123718966
104857,treatment,20.682170099329234,53.29296108822795
104858,control,37.12505149467499,47.64042629815722
104859,control,39.41923004864721,72.22428858947708
104860,control,45.53420555892031,33.11731830633074
104861,control,18.080856807875655,46.55435769470763
104862,treatment,61.90572120676079,36.5816472008855
104863,treatment,63.32574565026288,64.24688906110842
104864,treatment,60.167506500358954,50.770041386843594
104865,treatment,32.592526514178374,32.51848693344087
104866,treatment,51.7302158157459,45.96505648759718
104867,treatment,32.01119520861825,25.90783867323729
104868,control,43.348066784569745,28.346940144158292
104869,control,93.06935854341756,76.44926238511789
104870,control,51.91390755192512,52.97034208515615
104871,control,26.24946848025653,47.58133070880117
104872,control,53.60670681327828,56.61214860537672
104873,control,22.964081478733807,45.15493744397122
104874,control,26.019792149699764,12.460402127445555
104875,control,29.177537281024183,28.655506096744332
104876,control,41.113810956086326,52.741069201957586
104877,control,68.73937991178403,68.5945218942392
104878,control,61.56796396033678,47.283697026923996
104879,control,60.459906564946564,70.20149990407285
104880,treatment,28.02150868818915,27.988047927720693
104881,treatment,39.173712891287025,33.096731359808885
104882,control,55.44002213766377,60.52172998201981
104883,control,37.433600292231745,40.656813251281264
104884,control,44.43267119397803,38.90702341561457
104885,control,58.82717385059899,49.25370223413358
104886,control,43.02454637597396,30.6163283536741
104887,treatment,54.5211917820405,49.655636632221615
104888,control,81.85456912039137,88.44268387091505
104889,control,46.56282402026005,50.65721655555698
104890,treatment,73.58675619438412,81.87107487576517
104891,treatment,61.18740134614716,66.71749606037051
104892,control,20.65516013026467,19.89211407374843
104893,control,27.957259414729517,11.651856111591428
104894,treatment,33.32808233860207,26.734931001046526
104895,control,32.90330166134433,28.297861109784414
104896,treatment,48.194205077863714,40.242833255824515
104897,treatment,62.29288096163644,73.6973345095753
104898,control,75.10316833409445,81.66705479392968
104899,treatment,56.16350177450165,85.38304362177128
104900,control,41.086408878935806,33.21172520935166
104901,control,8.355175127402518,39.89863609619106
104902,control,51.41179150834676,72.10933010945986
104903,treatment,50.51540387389983,48.81399219370431
104904,control,53.65857507077915,59.008480364666056
104905,control,92.12480595406666,98.00696256853392
104906,treatment,74.81193092386144,69.32944870458276
104907,control,65.70121836499972,59.97162015682944
104908,treatment,30.758457398568005,28.769949026919118
104909,treatment,39.74010501606513,12.584703737470626
104910,treatment,48.103107861429955,51.00958275465864
104911,treatment,34.49185751979293,30.47820462087249
104912,treatment,60.00929049970236,44.78144272084815
104913,control,57.13817698431409,60.93870329768478
104914,treatment,28.23384413890615,15.97632678459707
104915,treatment,73.93633418192249,80.11568528233435
104916,treatment,52.046206676177206,59.43207261903522
104917,treatment,15.418577065154977,20.269874226230467
104918,treatment,48.97314283310061,49.892341202490165
104919,treatment,55.6241291184581,39.97295173726699
104920,control,69.45584722871482,74.51793213951771
104921,control,43.25047193746767,47.41644988514079
104922,treatment,66.55876534894415,67.38302331499557
104923,treatment,53.74283973540432,60.94651545170768
104924,control,23.69890781924841,21.77582374667566
104925,control,21.696664530349725,8.677246285484411
104926,treatment,72.45119740298698,81.00252977989682
104927,control,73.91968356763539,77.0506509045733
104928,treatment,56.458184608094456,49.26150717785062
104929,treatment,79.91413442360057,79.34762004629142
104930,control,71.13219698083213,82.49057210948634
104931,control,63.67257458959442,75.31802665554399
104932,treatment,31.77377022532656,30.361916260679664
104933,control,84.62857502064688,56.27697382638736
104934,treatment,60.72602864416546,42.1194030704129
104935,control,42.28322450776757,40.08867084348107
104936,control,36.63459989389404,59.3205872833541
104937,control,55.135675630277134,44.21532970164779
104938,treatment,16.578818303230904,18.545437732804004
104939,treatment,63.99346550705725,53.83413239700876
104940,treatment,30.928583706119465,30.1623005225188
104941,control,57.41216217648574,55.41060444505774
104942,treatment,39.56759325283681,26.742222801883777
104943,control,44.71162574550593,60.37845318971931
104944,treatment,34.861802544698705,38.23054912345497
104945,treatment,46.77541137638397,81.87742628921353
104946,control,87.78759092034707,62.8158081500549
104947,treatment,77.70119254097281,93.30784694834458
104948,control,57.08957909990913,73.722953879264
104949,control,49.494114688700954,44.1745184857872
104950,treatment,66.88402381385771,58.93685717964826
104951,treatment,72.59940788215113,56.26193138708025
104952,control,33.40363235584941,25.51691812357602
104953,treatment,48.451222647355955,50.33040102346061
104954,control,13.560835408638397,22.944408693746706
104955,treatment,72.4620422052179,47.14936391240923
104956,treatment,91.30048515401711,112.81558744612794
104957,control,51.60165249246171,47.76815404393361
104958,treatment,7.499797501939668,20.492816968801296
104959,treatment,62.17781033154062,52.34901519619877
104960,treatment,31.918216677018393,34.40645831716893
104961,control,36.7330111667108,35.31547596490468
104962,control,62.531527795820075,59.35987995701926
104963,treatment,55.09108251025449,55.12530550947337
104964,treatment,40.23782449322797,54.825749354342506
104965,treatment,37.007887347966715,44.761752743370536
104966,treatment,52.51672110441665,62.704329451225064
104967,treatment,41.81068894975265,45.22823173904274
104968,control,27.815257327939854,36.42062675024712
104969,control,43.348736370432796,41.81937814619159
104970,treatment,56.79185246510368,69.86381028016831
104971,control,46.43793066360733,51.5963415770585
104972,control,21.729828035036295,26.706237258407967
104973,treatment,69.78129242751079,63.85015189637569
104974,treatment,0.0,12.554899348379626
104975,treatment,41.07269689943129,45.207257929485756
104976,control,37.59603090892168,39.95143589447625
104977,treatment,52.963577557428295,46.32990295830641
104978,control,61.23323615605471,68.54361035171621
104979,control,72.5352961652207,77.85588783864269
104980,treatment,35.7519025329568,64.41213473785479
104981,treatment,61.73164674666964,52.313464568322644
104982,treatment,53.916367757629224,63.253431472298914
104983,treatment,15.769212496335534,0.5713965844654467
104984,treatment,88.01080510868219,90.97531271256497
104985,control,21.224497455196012,9.14960288912954
104986,control,58.3899454461943,43.27098254565557
104987,treatment,57.79919888395496,61.744327162028554
104988,treatment,55.51273564658154,47.412892295966344
104989,control,40.10846235676785,32.549272800872714
104990,control,66.54505302281004,55.99527663135694
104991,control,18.79265052113809,36.24653251437977
104992,control,48.68342422652154,36.6715882228821
104993,treatment,38.722506468950826,42.325478336626624
104994,control,36.454041158659365,34.83137906268054
104995,control,58.57495574907092,67.27735222767068
104996,treatment,71.54957085439366,78.87912860351959
104997,treatment,43.134884763262676,22.07266746374914
104998,control,65.61362179851555,75.53571442339485
104999,control,50.99481330889197,42.666568780399764
105000,control,32.145355815239824,39.73486883258729
